[0.082s] DEBUG:colcon:Command line arguments: ['/usr/bin/colcon', 'build']
[0.082s] DEBUG:colcon:Parsed command line arguments: Namespace(log_base=None, log_level=None, verb_name='build', build_base='build', install_base='install', merge_install=False, symlink_install=False, test_result_base=None, continue_on_error=False, executor='parallel', parallel_workers=20, event_handlers=None, ignore_user_meta=False, metas=['./colcon.meta'], base_paths=['.'], packages_ignore=None, packages_ignore_regex=None, paths=None, packages_up_to=None, packages_up_to_regex=None, packages_above=None, packages_above_and_dependencies=None, packages_above_depth=None, packages_select_by_dep=None, packages_skip_by_dep=None, packages_skip_up_to=None, packages_select_build_failed=False, packages_skip_build_finished=False, packages_select_test_failures=False, packages_skip_test_passed=False, packages_select=None, packages_skip=None, packages_select_regex=None, packages_skip_regex=None, packages_start=None, packages_end=None, cmake_args=None, cmake_target=None, cmake_target_skip_unavailable=False, cmake_clean_cache=False, cmake_clean_first=False, cmake_force_configure=False, ament_cmake_args=None, catkin_cmake_args=None, catkin_skip_building_tests=False, mixin_files=None, mixin=None, verb_parser=<colcon_mixin.mixin.mixin_argument.MixinArgumentDecorator object at 0x7fd25b79ec50>, verb_extension=<colcon_core.verb.build.BuildVerb object at 0x7fd25b9181c0>, main=<bound method BuildVerb.main of <colcon_core.verb.build.BuildVerb object at 0x7fd25b9181c0>>, mixin_verb=('build',))
[0.111s] Level 1:colcon.colcon_core.package_discovery:discover_packages(colcon_meta) check parameters
[0.111s] Level 1:colcon.colcon_core.package_discovery:discover_packages(recursive) check parameters
[0.111s] Level 1:colcon.colcon_core.package_discovery:discover_packages(ignore) check parameters
[0.111s] Level 1:colcon.colcon_core.package_discovery:discover_packages(path) check parameters
[0.111s] Level 1:colcon.colcon_core.package_discovery:discover_packages(colcon_meta) discover
[0.111s] Level 1:colcon.colcon_core.package_discovery:discover_packages(recursive) discover
[0.111s] INFO:colcon.colcon_core.package_discovery:Crawling recursively for packages in '/home/jo/clearpath_ws'
[0.111s] Level 1:colcon.colcon_core.package_identification:_identify(.) by extensions ['ignore', 'ignore_ament_install']
[0.111s] Level 1:colcon.colcon_core.package_identification:_identify(.) by extension 'ignore'
[0.111s] Level 1:colcon.colcon_core.package_identification:_identify(.) by extension 'ignore_ament_install'
[0.112s] Level 1:colcon.colcon_core.package_identification:_identify(.) by extensions ['colcon_pkg']
[0.112s] Level 1:colcon.colcon_core.package_identification:_identify(.) by extension 'colcon_pkg'
[0.112s] Level 1:colcon.colcon_core.package_identification:_identify(.) by extensions ['colcon_meta']
[0.112s] Level 1:colcon.colcon_core.package_identification:_identify(.) by extension 'colcon_meta'
[0.112s] Level 1:colcon.colcon_core.package_identification:_identify(.) by extensions ['ros']
[0.112s] Level 1:colcon.colcon_core.package_identification:_identify(.) by extension 'ros'
[0.130s] Level 1:colcon.colcon_core.package_identification:_identify(.) by extensions ['cmake', 'python']
[0.130s] Level 1:colcon.colcon_core.package_identification:_identify(.) by extension 'cmake'
[0.130s] Level 1:colcon.colcon_core.package_identification:_identify(.) by extension 'python'
[0.130s] Level 1:colcon.colcon_core.package_identification:_identify(.) by extensions ['python_setup_py']
[0.130s] Level 1:colcon.colcon_core.package_identification:_identify(.) by extension 'python_setup_py'
[0.130s] Level 1:colcon.colcon_core.package_identification:_identify(build) by extensions ['ignore', 'ignore_ament_install']
[0.130s] Level 1:colcon.colcon_core.package_identification:_identify(build) by extension 'ignore'
[0.130s] Level 1:colcon.colcon_core.package_identification:_identify(build) ignored
[0.130s] Level 1:colcon.colcon_core.package_identification:_identify(install) by extensions ['ignore', 'ignore_ament_install']
[0.130s] Level 1:colcon.colcon_core.package_identification:_identify(install) by extension 'ignore'
[0.130s] Level 1:colcon.colcon_core.package_identification:_identify(install) ignored
[0.130s] Level 1:colcon.colcon_core.package_identification:_identify(log) by extensions ['ignore', 'ignore_ament_install']
[0.130s] Level 1:colcon.colcon_core.package_identification:_identify(log) by extension 'ignore'
[0.130s] Level 1:colcon.colcon_core.package_identification:_identify(log) ignored
[0.131s] Level 1:colcon.colcon_core.package_identification:_identify(src) by extensions ['ignore', 'ignore_ament_install']
[0.131s] Level 1:colcon.colcon_core.package_identification:_identify(src) by extension 'ignore'
[0.131s] Level 1:colcon.colcon_core.package_identification:_identify(src) by extension 'ignore_ament_install'
[0.131s] Level 1:colcon.colcon_core.package_identification:_identify(src) by extensions ['colcon_pkg']
[0.131s] Level 1:colcon.colcon_core.package_identification:_identify(src) by extension 'colcon_pkg'
[0.131s] Level 1:colcon.colcon_core.package_identification:_identify(src) by extensions ['colcon_meta']
[0.131s] Level 1:colcon.colcon_core.package_identification:_identify(src) by extension 'colcon_meta'
[0.131s] Level 1:colcon.colcon_core.package_identification:_identify(src) by extensions ['ros']
[0.131s] Level 1:colcon.colcon_core.package_identification:_identify(src) by extension 'ros'
[0.131s] Level 1:colcon.colcon_core.package_identification:_identify(src) by extensions ['cmake', 'python']
[0.131s] Level 1:colcon.colcon_core.package_identification:_identify(src) by extension 'cmake'
[0.131s] Level 1:colcon.colcon_core.package_identification:_identify(src) by extension 'python'
[0.131s] Level 1:colcon.colcon_core.package_identification:_identify(src) by extensions ['python_setup_py']
[0.131s] Level 1:colcon.colcon_core.package_identification:_identify(src) by extension 'python_setup_py'
[0.131s] Level 1:colcon.colcon_core.package_identification:_identify(src/clearpath_common) by extensions ['ignore', 'ignore_ament_install']
[0.131s] Level 1:colcon.colcon_core.package_identification:_identify(src/clearpath_common) by extension 'ignore'
[0.131s] Level 1:colcon.colcon_core.package_identification:_identify(src/clearpath_common) by extension 'ignore_ament_install'
[0.131s] Level 1:colcon.colcon_core.package_identification:_identify(src/clearpath_common) by extensions ['colcon_pkg']
[0.131s] Level 1:colcon.colcon_core.package_identification:_identify(src/clearpath_common) by extension 'colcon_pkg'
[0.131s] Level 1:colcon.colcon_core.package_identification:_identify(src/clearpath_common) by extensions ['colcon_meta']
[0.131s] Level 1:colcon.colcon_core.package_identification:_identify(src/clearpath_common) by extension 'colcon_meta'
[0.131s] Level 1:colcon.colcon_core.package_identification:_identify(src/clearpath_common) by extensions ['ros']
[0.131s] Level 1:colcon.colcon_core.package_identification:_identify(src/clearpath_common) by extension 'ros'
[0.131s] Level 1:colcon.colcon_core.package_identification:_identify(src/clearpath_common) by extensions ['cmake', 'python']
[0.131s] Level 1:colcon.colcon_core.package_identification:_identify(src/clearpath_common) by extension 'cmake'
[0.131s] Level 1:colcon.colcon_core.package_identification:_identify(src/clearpath_common) by extension 'python'
[0.131s] Level 1:colcon.colcon_core.package_identification:_identify(src/clearpath_common) by extensions ['python_setup_py']
[0.132s] Level 1:colcon.colcon_core.package_identification:_identify(src/clearpath_common) by extension 'python_setup_py'
[0.132s] Level 1:colcon.colcon_core.package_identification:_identify(src/clearpath_common/clearpath_common) by extensions ['ignore', 'ignore_ament_install']
[0.132s] Level 1:colcon.colcon_core.package_identification:_identify(src/clearpath_common/clearpath_common) by extension 'ignore'
[0.132s] Level 1:colcon.colcon_core.package_identification:_identify(src/clearpath_common/clearpath_common) by extension 'ignore_ament_install'
[0.132s] Level 1:colcon.colcon_core.package_identification:_identify(src/clearpath_common/clearpath_common) by extensions ['colcon_pkg']
[0.132s] Level 1:colcon.colcon_core.package_identification:_identify(src/clearpath_common/clearpath_common) by extension 'colcon_pkg'
[0.132s] Level 1:colcon.colcon_core.package_identification:_identify(src/clearpath_common/clearpath_common) by extensions ['colcon_meta']
[0.132s] Level 1:colcon.colcon_core.package_identification:_identify(src/clearpath_common/clearpath_common) by extension 'colcon_meta'
[0.132s] Level 1:colcon.colcon_core.package_identification:_identify(src/clearpath_common/clearpath_common) by extensions ['ros']
[0.132s] Level 1:colcon.colcon_core.package_identification:_identify(src/clearpath_common/clearpath_common) by extension 'ros'
[0.134s] DEBUG:colcon.colcon_core.package_identification:Package 'src/clearpath_common/clearpath_common' with type 'ros.ament_cmake' and name 'clearpath_common'
[0.134s] Level 1:colcon.colcon_core.package_identification:_identify(src/clearpath_common/clearpath_control) by extensions ['ignore', 'ignore_ament_install']
[0.134s] Level 1:colcon.colcon_core.package_identification:_identify(src/clearpath_common/clearpath_control) by extension 'ignore'
[0.134s] Level 1:colcon.colcon_core.package_identification:_identify(src/clearpath_common/clearpath_control) by extension 'ignore_ament_install'
[0.134s] Level 1:colcon.colcon_core.package_identification:_identify(src/clearpath_common/clearpath_control) by extensions ['colcon_pkg']
[0.134s] Level 1:colcon.colcon_core.package_identification:_identify(src/clearpath_common/clearpath_control) by extension 'colcon_pkg'
[0.134s] Level 1:colcon.colcon_core.package_identification:_identify(src/clearpath_common/clearpath_control) by extensions ['colcon_meta']
[0.134s] Level 1:colcon.colcon_core.package_identification:_identify(src/clearpath_common/clearpath_control) by extension 'colcon_meta'
[0.134s] Level 1:colcon.colcon_core.package_identification:_identify(src/clearpath_common/clearpath_control) by extensions ['ros']
[0.134s] Level 1:colcon.colcon_core.package_identification:_identify(src/clearpath_common/clearpath_control) by extension 'ros'
[0.134s] DEBUG:colcon.colcon_core.package_identification:Package 'src/clearpath_common/clearpath_control' with type 'ros.ament_cmake' and name 'clearpath_control'
[0.134s] Level 1:colcon.colcon_core.package_identification:_identify(src/clearpath_common/clearpath_customization) by extensions ['ignore', 'ignore_ament_install']
[0.135s] Level 1:colcon.colcon_core.package_identification:_identify(src/clearpath_common/clearpath_customization) by extension 'ignore'
[0.135s] Level 1:colcon.colcon_core.package_identification:_identify(src/clearpath_common/clearpath_customization) by extension 'ignore_ament_install'
[0.135s] Level 1:colcon.colcon_core.package_identification:_identify(src/clearpath_common/clearpath_customization) by extensions ['colcon_pkg']
[0.135s] Level 1:colcon.colcon_core.package_identification:_identify(src/clearpath_common/clearpath_customization) by extension 'colcon_pkg'
[0.135s] Level 1:colcon.colcon_core.package_identification:_identify(src/clearpath_common/clearpath_customization) by extensions ['colcon_meta']
[0.135s] Level 1:colcon.colcon_core.package_identification:_identify(src/clearpath_common/clearpath_customization) by extension 'colcon_meta'
[0.135s] Level 1:colcon.colcon_core.package_identification:_identify(src/clearpath_common/clearpath_customization) by extensions ['ros']
[0.135s] Level 1:colcon.colcon_core.package_identification:_identify(src/clearpath_common/clearpath_customization) by extension 'ros'
[0.135s] DEBUG:colcon.colcon_core.package_identification:Package 'src/clearpath_common/clearpath_customization' with type 'ros.ament_cmake' and name 'clearpath_customization'
[0.135s] Level 1:colcon.colcon_core.package_identification:_identify(src/clearpath_common/clearpath_description) by extensions ['ignore', 'ignore_ament_install']
[0.135s] Level 1:colcon.colcon_core.package_identification:_identify(src/clearpath_common/clearpath_description) by extension 'ignore'
[0.135s] Level 1:colcon.colcon_core.package_identification:_identify(src/clearpath_common/clearpath_description) by extension 'ignore_ament_install'
[0.135s] Level 1:colcon.colcon_core.package_identification:_identify(src/clearpath_common/clearpath_description) by extensions ['colcon_pkg']
[0.135s] Level 1:colcon.colcon_core.package_identification:_identify(src/clearpath_common/clearpath_description) by extension 'colcon_pkg'
[0.135s] Level 1:colcon.colcon_core.package_identification:_identify(src/clearpath_common/clearpath_description) by extensions ['colcon_meta']
[0.135s] Level 1:colcon.colcon_core.package_identification:_identify(src/clearpath_common/clearpath_description) by extension 'colcon_meta'
[0.135s] Level 1:colcon.colcon_core.package_identification:_identify(src/clearpath_common/clearpath_description) by extensions ['ros']
[0.135s] Level 1:colcon.colcon_core.package_identification:_identify(src/clearpath_common/clearpath_description) by extension 'ros'
[0.136s] DEBUG:colcon.colcon_core.package_identification:Package 'src/clearpath_common/clearpath_description' with type 'ros.ament_cmake' and name 'clearpath_description'
[0.136s] Level 1:colcon.colcon_core.package_identification:_identify(src/clearpath_common/clearpath_generator_common) by extensions ['ignore', 'ignore_ament_install']
[0.136s] Level 1:colcon.colcon_core.package_identification:_identify(src/clearpath_common/clearpath_generator_common) by extension 'ignore'
[0.136s] Level 1:colcon.colcon_core.package_identification:_identify(src/clearpath_common/clearpath_generator_common) by extension 'ignore_ament_install'
[0.136s] Level 1:colcon.colcon_core.package_identification:_identify(src/clearpath_common/clearpath_generator_common) by extensions ['colcon_pkg']
[0.136s] Level 1:colcon.colcon_core.package_identification:_identify(src/clearpath_common/clearpath_generator_common) by extension 'colcon_pkg'
[0.136s] Level 1:colcon.colcon_core.package_identification:_identify(src/clearpath_common/clearpath_generator_common) by extensions ['colcon_meta']
[0.136s] Level 1:colcon.colcon_core.package_identification:_identify(src/clearpath_common/clearpath_generator_common) by extension 'colcon_meta'
[0.136s] Level 1:colcon.colcon_core.package_identification:_identify(src/clearpath_common/clearpath_generator_common) by extensions ['ros']
[0.136s] Level 1:colcon.colcon_core.package_identification:_identify(src/clearpath_common/clearpath_generator_common) by extension 'ros'
[0.137s] DEBUG:colcon.colcon_core.package_identification:Package 'src/clearpath_common/clearpath_generator_common' with type 'ros.ament_cmake' and name 'clearpath_generator_common'
[0.137s] Level 1:colcon.colcon_core.package_identification:_identify(src/clearpath_common/clearpath_manipulators) by extensions ['ignore', 'ignore_ament_install']
[0.137s] Level 1:colcon.colcon_core.package_identification:_identify(src/clearpath_common/clearpath_manipulators) by extension 'ignore'
[0.137s] Level 1:colcon.colcon_core.package_identification:_identify(src/clearpath_common/clearpath_manipulators) by extension 'ignore_ament_install'
[0.137s] Level 1:colcon.colcon_core.package_identification:_identify(src/clearpath_common/clearpath_manipulators) by extensions ['colcon_pkg']
[0.137s] Level 1:colcon.colcon_core.package_identification:_identify(src/clearpath_common/clearpath_manipulators) by extension 'colcon_pkg'
[0.137s] Level 1:colcon.colcon_core.package_identification:_identify(src/clearpath_common/clearpath_manipulators) by extensions ['colcon_meta']
[0.137s] Level 1:colcon.colcon_core.package_identification:_identify(src/clearpath_common/clearpath_manipulators) by extension 'colcon_meta'
[0.137s] Level 1:colcon.colcon_core.package_identification:_identify(src/clearpath_common/clearpath_manipulators) by extensions ['ros']
[0.137s] Level 1:colcon.colcon_core.package_identification:_identify(src/clearpath_common/clearpath_manipulators) by extension 'ros'
[0.138s] DEBUG:colcon.colcon_core.package_identification:Package 'src/clearpath_common/clearpath_manipulators' with type 'ros.ament_cmake' and name 'clearpath_manipulators'
[0.138s] Level 1:colcon.colcon_core.package_identification:_identify(src/clearpath_common/clearpath_manipulators_description) by extensions ['ignore', 'ignore_ament_install']
[0.138s] Level 1:colcon.colcon_core.package_identification:_identify(src/clearpath_common/clearpath_manipulators_description) by extension 'ignore'
[0.138s] Level 1:colcon.colcon_core.package_identification:_identify(src/clearpath_common/clearpath_manipulators_description) by extension 'ignore_ament_install'
[0.138s] Level 1:colcon.colcon_core.package_identification:_identify(src/clearpath_common/clearpath_manipulators_description) by extensions ['colcon_pkg']
[0.138s] Level 1:colcon.colcon_core.package_identification:_identify(src/clearpath_common/clearpath_manipulators_description) by extension 'colcon_pkg'
[0.138s] Level 1:colcon.colcon_core.package_identification:_identify(src/clearpath_common/clearpath_manipulators_description) by extensions ['colcon_meta']
[0.138s] Level 1:colcon.colcon_core.package_identification:_identify(src/clearpath_common/clearpath_manipulators_description) by extension 'colcon_meta'
[0.138s] Level 1:colcon.colcon_core.package_identification:_identify(src/clearpath_common/clearpath_manipulators_description) by extensions ['ros']
[0.138s] Level 1:colcon.colcon_core.package_identification:_identify(src/clearpath_common/clearpath_manipulators_description) by extension 'ros'
[0.138s] DEBUG:colcon.colcon_core.package_identification:Package 'src/clearpath_common/clearpath_manipulators_description' with type 'ros.ament_cmake' and name 'clearpath_manipulators_description'
[0.138s] Level 1:colcon.colcon_core.package_identification:_identify(src/clearpath_common/clearpath_mounts_description) by extensions ['ignore', 'ignore_ament_install']
[0.139s] Level 1:colcon.colcon_core.package_identification:_identify(src/clearpath_common/clearpath_mounts_description) by extension 'ignore'
[0.139s] Level 1:colcon.colcon_core.package_identification:_identify(src/clearpath_common/clearpath_mounts_description) by extension 'ignore_ament_install'
[0.139s] Level 1:colcon.colcon_core.package_identification:_identify(src/clearpath_common/clearpath_mounts_description) by extensions ['colcon_pkg']
[0.139s] Level 1:colcon.colcon_core.package_identification:_identify(src/clearpath_common/clearpath_mounts_description) by extension 'colcon_pkg'
[0.139s] Level 1:colcon.colcon_core.package_identification:_identify(src/clearpath_common/clearpath_mounts_description) by extensions ['colcon_meta']
[0.139s] Level 1:colcon.colcon_core.package_identification:_identify(src/clearpath_common/clearpath_mounts_description) by extension 'colcon_meta'
[0.139s] Level 1:colcon.colcon_core.package_identification:_identify(src/clearpath_common/clearpath_mounts_description) by extensions ['ros']
[0.139s] Level 1:colcon.colcon_core.package_identification:_identify(src/clearpath_common/clearpath_mounts_description) by extension 'ros'
[0.139s] DEBUG:colcon.colcon_core.package_identification:Package 'src/clearpath_common/clearpath_mounts_description' with type 'ros.ament_cmake' and name 'clearpath_mounts_description'
[0.139s] Level 1:colcon.colcon_core.package_identification:_identify(src/clearpath_common/clearpath_platform_description) by extensions ['ignore', 'ignore_ament_install']
[0.139s] Level 1:colcon.colcon_core.package_identification:_identify(src/clearpath_common/clearpath_platform_description) by extension 'ignore'
[0.139s] Level 1:colcon.colcon_core.package_identification:_identify(src/clearpath_common/clearpath_platform_description) by extension 'ignore_ament_install'
[0.139s] Level 1:colcon.colcon_core.package_identification:_identify(src/clearpath_common/clearpath_platform_description) by extensions ['colcon_pkg']
[0.139s] Level 1:colcon.colcon_core.package_identification:_identify(src/clearpath_common/clearpath_platform_description) by extension 'colcon_pkg'
[0.139s] Level 1:colcon.colcon_core.package_identification:_identify(src/clearpath_common/clearpath_platform_description) by extensions ['colcon_meta']
[0.139s] Level 1:colcon.colcon_core.package_identification:_identify(src/clearpath_common/clearpath_platform_description) by extension 'colcon_meta'
[0.139s] Level 1:colcon.colcon_core.package_identification:_identify(src/clearpath_common/clearpath_platform_description) by extensions ['ros']
[0.139s] Level 1:colcon.colcon_core.package_identification:_identify(src/clearpath_common/clearpath_platform_description) by extension 'ros'
[0.140s] DEBUG:colcon.colcon_core.package_identification:Package 'src/clearpath_common/clearpath_platform_description' with type 'ros.ament_cmake' and name 'clearpath_platform_description'
[0.140s] Level 1:colcon.colcon_core.package_identification:_identify(src/clearpath_common/clearpath_sensors_description) by extensions ['ignore', 'ignore_ament_install']
[0.140s] Level 1:colcon.colcon_core.package_identification:_identify(src/clearpath_common/clearpath_sensors_description) by extension 'ignore'
[0.140s] Level 1:colcon.colcon_core.package_identification:_identify(src/clearpath_common/clearpath_sensors_description) by extension 'ignore_ament_install'
[0.140s] Level 1:colcon.colcon_core.package_identification:_identify(src/clearpath_common/clearpath_sensors_description) by extensions ['colcon_pkg']
[0.140s] Level 1:colcon.colcon_core.package_identification:_identify(src/clearpath_common/clearpath_sensors_description) by extension 'colcon_pkg'
[0.140s] Level 1:colcon.colcon_core.package_identification:_identify(src/clearpath_common/clearpath_sensors_description) by extensions ['colcon_meta']
[0.140s] Level 1:colcon.colcon_core.package_identification:_identify(src/clearpath_common/clearpath_sensors_description) by extension 'colcon_meta'
[0.140s] Level 1:colcon.colcon_core.package_identification:_identify(src/clearpath_common/clearpath_sensors_description) by extensions ['ros']
[0.140s] Level 1:colcon.colcon_core.package_identification:_identify(src/clearpath_common/clearpath_sensors_description) by extension 'ros'
[0.141s] DEBUG:colcon.colcon_core.package_identification:Package 'src/clearpath_common/clearpath_sensors_description' with type 'ros.ament_cmake' and name 'clearpath_sensors_description'
[0.141s] Level 1:colcon.colcon_core.package_identification:_identify(src/clearpath_config) by extensions ['ignore', 'ignore_ament_install']
[0.141s] Level 1:colcon.colcon_core.package_identification:_identify(src/clearpath_config) by extension 'ignore'
[0.141s] Level 1:colcon.colcon_core.package_identification:_identify(src/clearpath_config) by extension 'ignore_ament_install'
[0.141s] Level 1:colcon.colcon_core.package_identification:_identify(src/clearpath_config) by extensions ['colcon_pkg']
[0.141s] Level 1:colcon.colcon_core.package_identification:_identify(src/clearpath_config) by extension 'colcon_pkg'
[0.141s] Level 1:colcon.colcon_core.package_identification:_identify(src/clearpath_config) by extensions ['colcon_meta']
[0.141s] Level 1:colcon.colcon_core.package_identification:_identify(src/clearpath_config) by extension 'colcon_meta'
[0.141s] Level 1:colcon.colcon_core.package_identification:_identify(src/clearpath_config) by extensions ['ros']
[0.141s] Level 1:colcon.colcon_core.package_identification:_identify(src/clearpath_config) by extension 'ros'
[0.141s] DEBUG:colcon.colcon_core.package_identification:Package 'src/clearpath_config' with type 'ros.ament_python' and name 'clearpath_config'
[0.142s] Level 1:colcon.colcon_core.package_identification:_identify(src/clearpath_msgs) by extensions ['ignore', 'ignore_ament_install']
[0.142s] Level 1:colcon.colcon_core.package_identification:_identify(src/clearpath_msgs) by extension 'ignore'
[0.142s] Level 1:colcon.colcon_core.package_identification:_identify(src/clearpath_msgs) by extension 'ignore_ament_install'
[0.142s] Level 1:colcon.colcon_core.package_identification:_identify(src/clearpath_msgs) by extensions ['colcon_pkg']
[0.142s] Level 1:colcon.colcon_core.package_identification:_identify(src/clearpath_msgs) by extension 'colcon_pkg'
[0.142s] Level 1:colcon.colcon_core.package_identification:_identify(src/clearpath_msgs) by extensions ['colcon_meta']
[0.142s] Level 1:colcon.colcon_core.package_identification:_identify(src/clearpath_msgs) by extension 'colcon_meta'
[0.142s] Level 1:colcon.colcon_core.package_identification:_identify(src/clearpath_msgs) by extensions ['ros']
[0.142s] Level 1:colcon.colcon_core.package_identification:_identify(src/clearpath_msgs) by extension 'ros'
[0.142s] Level 1:colcon.colcon_core.package_identification:_identify(src/clearpath_msgs) by extensions ['cmake', 'python']
[0.142s] Level 1:colcon.colcon_core.package_identification:_identify(src/clearpath_msgs) by extension 'cmake'
[0.142s] Level 1:colcon.colcon_core.package_identification:_identify(src/clearpath_msgs) by extension 'python'
[0.142s] Level 1:colcon.colcon_core.package_identification:_identify(src/clearpath_msgs) by extensions ['python_setup_py']
[0.142s] Level 1:colcon.colcon_core.package_identification:_identify(src/clearpath_msgs) by extension 'python_setup_py'
[0.142s] Level 1:colcon.colcon_core.package_identification:_identify(src/clearpath_msgs/clearpath_motor_msgs) by extensions ['ignore', 'ignore_ament_install']
[0.142s] Level 1:colcon.colcon_core.package_identification:_identify(src/clearpath_msgs/clearpath_motor_msgs) by extension 'ignore'
[0.142s] Level 1:colcon.colcon_core.package_identification:_identify(src/clearpath_msgs/clearpath_motor_msgs) by extension 'ignore_ament_install'
[0.142s] Level 1:colcon.colcon_core.package_identification:_identify(src/clearpath_msgs/clearpath_motor_msgs) by extensions ['colcon_pkg']
[0.142s] Level 1:colcon.colcon_core.package_identification:_identify(src/clearpath_msgs/clearpath_motor_msgs) by extension 'colcon_pkg'
[0.142s] Level 1:colcon.colcon_core.package_identification:_identify(src/clearpath_msgs/clearpath_motor_msgs) by extensions ['colcon_meta']
[0.142s] Level 1:colcon.colcon_core.package_identification:_identify(src/clearpath_msgs/clearpath_motor_msgs) by extension 'colcon_meta'
[0.142s] Level 1:colcon.colcon_core.package_identification:_identify(src/clearpath_msgs/clearpath_motor_msgs) by extensions ['ros']
[0.142s] Level 1:colcon.colcon_core.package_identification:_identify(src/clearpath_msgs/clearpath_motor_msgs) by extension 'ros'
[0.143s] DEBUG:colcon.colcon_core.package_identification:Package 'src/clearpath_msgs/clearpath_motor_msgs' with type 'ros.ament_cmake' and name 'clearpath_motor_msgs'
[0.143s] Level 1:colcon.colcon_core.package_identification:_identify(src/clearpath_msgs/clearpath_msgs) by extensions ['ignore', 'ignore_ament_install']
[0.143s] Level 1:colcon.colcon_core.package_identification:_identify(src/clearpath_msgs/clearpath_msgs) by extension 'ignore'
[0.143s] Level 1:colcon.colcon_core.package_identification:_identify(src/clearpath_msgs/clearpath_msgs) by extension 'ignore_ament_install'
[0.143s] Level 1:colcon.colcon_core.package_identification:_identify(src/clearpath_msgs/clearpath_msgs) by extensions ['colcon_pkg']
[0.143s] Level 1:colcon.colcon_core.package_identification:_identify(src/clearpath_msgs/clearpath_msgs) by extension 'colcon_pkg'
[0.143s] Level 1:colcon.colcon_core.package_identification:_identify(src/clearpath_msgs/clearpath_msgs) by extensions ['colcon_meta']
[0.143s] Level 1:colcon.colcon_core.package_identification:_identify(src/clearpath_msgs/clearpath_msgs) by extension 'colcon_meta'
[0.143s] Level 1:colcon.colcon_core.package_identification:_identify(src/clearpath_msgs/clearpath_msgs) by extensions ['ros']
[0.143s] Level 1:colcon.colcon_core.package_identification:_identify(src/clearpath_msgs/clearpath_msgs) by extension 'ros'
[0.144s] DEBUG:colcon.colcon_core.package_identification:Package 'src/clearpath_msgs/clearpath_msgs' with type 'ros.ament_cmake' and name 'clearpath_msgs'
[0.144s] Level 1:colcon.colcon_core.package_identification:_identify(src/clearpath_msgs/clearpath_platform_msgs) by extensions ['ignore', 'ignore_ament_install']
[0.144s] Level 1:colcon.colcon_core.package_identification:_identify(src/clearpath_msgs/clearpath_platform_msgs) by extension 'ignore'
[0.144s] Level 1:colcon.colcon_core.package_identification:_identify(src/clearpath_msgs/clearpath_platform_msgs) by extension 'ignore_ament_install'
[0.144s] Level 1:colcon.colcon_core.package_identification:_identify(src/clearpath_msgs/clearpath_platform_msgs) by extensions ['colcon_pkg']
[0.144s] Level 1:colcon.colcon_core.package_identification:_identify(src/clearpath_msgs/clearpath_platform_msgs) by extension 'colcon_pkg'
[0.144s] Level 1:colcon.colcon_core.package_identification:_identify(src/clearpath_msgs/clearpath_platform_msgs) by extensions ['colcon_meta']
[0.144s] Level 1:colcon.colcon_core.package_identification:_identify(src/clearpath_msgs/clearpath_platform_msgs) by extension 'colcon_meta'
[0.144s] Level 1:colcon.colcon_core.package_identification:_identify(src/clearpath_msgs/clearpath_platform_msgs) by extensions ['ros']
[0.144s] Level 1:colcon.colcon_core.package_identification:_identify(src/clearpath_msgs/clearpath_platform_msgs) by extension 'ros'
[0.144s] DEBUG:colcon.colcon_core.package_identification:Package 'src/clearpath_msgs/clearpath_platform_msgs' with type 'ros.ament_cmake' and name 'clearpath_platform_msgs'
[0.144s] Level 1:colcon.colcon_core.package_discovery:discover_packages(recursive) using defaults
[0.144s] Level 1:colcon.colcon_core.package_discovery:discover_packages(ignore) discover
[0.144s] Level 1:colcon.colcon_core.package_discovery:discover_packages(ignore) using defaults
[0.145s] Level 1:colcon.colcon_core.package_discovery:discover_packages(path) discover
[0.145s] Level 1:colcon.colcon_core.package_discovery:discover_packages(path) using defaults
[0.158s] DEBUG:colcon.colcon_core.package_augmentation.check_dependency_constraint:clearpath_generator_common depends on clearpath_config which has version 1.3.3 which satisfies to be greater than or equal to 1.3.0
[0.158s] DEBUG:colcon.colcon_core.package_augmentation.check_dependency_constraint:clearpath_generator_common depends on clearpath_manipulators which has version 1.3.9 which satisfies to be greater than or equal to 1.3.0
[0.158s] DEBUG:colcon.colcon_core.package_augmentation.check_dependency_constraint:clearpath_generator_common depends on clearpath_control which has version 1.3.9 which satisfies to be greater than or equal to 1.3.0
[0.158s] DEBUG:colcon.colcon_core.package_augmentation.check_dependency_constraint:clearpath_generator_common depends on clearpath_description which has version 1.3.9 which satisfies to be greater than or equal to 1.3.0
[0.159s] DEBUG:colcon.colcon_core.package_augmentation.check_dependency_constraint:clearpath_common depends on clearpath_control which has version 1.3.9 which satisfies to be greater than or equal to 1.3.0
[0.159s] DEBUG:colcon.colcon_core.package_augmentation.check_dependency_constraint:clearpath_common depends on clearpath_description which has version 1.3.9 which satisfies to be greater than or equal to 1.3.0
[0.159s] DEBUG:colcon.colcon_core.package_augmentation.check_dependency_constraint:clearpath_common depends on clearpath_generator_common which has version 1.3.9 which satisfies to be greater than or equal to 1.3.0
[0.159s] DEBUG:colcon.colcon_core.package_augmentation.check_dependency_constraint:clearpath_description depends on clearpath_mounts_description which has version 1.3.9 which satisfies to be greater than or equal to 1.3.0
[0.159s] DEBUG:colcon.colcon_core.package_augmentation.check_dependency_constraint:clearpath_description depends on clearpath_sensors_description which has version 1.3.9 which satisfies to be greater than or equal to 1.3.0
[0.159s] DEBUG:colcon.colcon_core.package_augmentation.check_dependency_constraint:clearpath_description depends on clearpath_platform_description which has version 1.3.9 which satisfies to be greater than or equal to 1.3.0
[0.159s] DEBUG:colcon.colcon_core.package_augmentation.check_dependency_constraint:clearpath_description depends on clearpath_manipulators_description which has version 1.3.9 which satisfies to be greater than or equal to 1.3.0
[0.159s] DEBUG:colcon.colcon_core.package_augmentation.check_dependency_constraint:clearpath_manipulators depends on clearpath_manipulators_description which has version 1.3.9 which satisfies to be greater than or equal to 1.3.0
[0.160s] Level 5:colcon.colcon_core.verb:set package 'clearpath_config' build argument 'cmake_args' from command line to 'None'
[0.160s] Level 5:colcon.colcon_core.verb:set package 'clearpath_config' build argument 'cmake_target' from command line to 'None'
[0.161s] Level 5:colcon.colcon_core.verb:set package 'clearpath_config' build argument 'cmake_target_skip_unavailable' from command line to 'False'
[0.161s] Level 5:colcon.colcon_core.verb:set package 'clearpath_config' build argument 'cmake_clean_cache' from command line to 'False'
[0.161s] Level 5:colcon.colcon_core.verb:set package 'clearpath_config' build argument 'cmake_clean_first' from command line to 'False'
[0.161s] Level 5:colcon.colcon_core.verb:set package 'clearpath_config' build argument 'cmake_force_configure' from command line to 'False'
[0.161s] Level 5:colcon.colcon_core.verb:set package 'clearpath_config' build argument 'ament_cmake_args' from command line to 'None'
[0.161s] Level 5:colcon.colcon_core.verb:set package 'clearpath_config' build argument 'catkin_cmake_args' from command line to 'None'
[0.161s] Level 5:colcon.colcon_core.verb:set package 'clearpath_config' build argument 'catkin_skip_building_tests' from command line to 'False'
[0.161s] DEBUG:colcon.colcon_core.verb:Building package 'clearpath_config' with the following arguments: {'ament_cmake_args': None, 'build_base': '/home/jo/clearpath_ws/build/clearpath_config', 'catkin_cmake_args': None, 'catkin_skip_building_tests': False, 'cmake_args': None, 'cmake_clean_cache': False, 'cmake_clean_first': False, 'cmake_force_configure': False, 'cmake_target': None, 'cmake_target_skip_unavailable': False, 'install_base': '/home/jo/clearpath_ws/install/clearpath_config', 'merge_install': False, 'path': '/home/jo/clearpath_ws/src/clearpath_config', 'symlink_install': False, 'test_result_base': None}
[0.161s] Level 5:colcon.colcon_core.verb:set package 'clearpath_control' build argument 'cmake_args' from command line to 'None'
[0.161s] Level 5:colcon.colcon_core.verb:set package 'clearpath_control' build argument 'cmake_target' from command line to 'None'
[0.161s] Level 5:colcon.colcon_core.verb:set package 'clearpath_control' build argument 'cmake_target_skip_unavailable' from command line to 'False'
[0.161s] Level 5:colcon.colcon_core.verb:set package 'clearpath_control' build argument 'cmake_clean_cache' from command line to 'False'
[0.161s] Level 5:colcon.colcon_core.verb:set package 'clearpath_control' build argument 'cmake_clean_first' from command line to 'False'
[0.161s] Level 5:colcon.colcon_core.verb:set package 'clearpath_control' build argument 'cmake_force_configure' from command line to 'False'
[0.161s] Level 5:colcon.colcon_core.verb:set package 'clearpath_control' build argument 'ament_cmake_args' from command line to 'None'
[0.161s] Level 5:colcon.colcon_core.verb:set package 'clearpath_control' build argument 'catkin_cmake_args' from command line to 'None'
[0.161s] Level 5:colcon.colcon_core.verb:set package 'clearpath_control' build argument 'catkin_skip_building_tests' from command line to 'False'
[0.161s] DEBUG:colcon.colcon_core.verb:Building package 'clearpath_control' with the following arguments: {'ament_cmake_args': None, 'build_base': '/home/jo/clearpath_ws/build/clearpath_control', 'catkin_cmake_args': None, 'catkin_skip_building_tests': False, 'cmake_args': None, 'cmake_clean_cache': False, 'cmake_clean_first': False, 'cmake_force_configure': False, 'cmake_target': None, 'cmake_target_skip_unavailable': False, 'install_base': '/home/jo/clearpath_ws/install/clearpath_control', 'merge_install': False, 'path': '/home/jo/clearpath_ws/src/clearpath_common/clearpath_control', 'symlink_install': False, 'test_result_base': None}
[0.161s] Level 5:colcon.colcon_core.verb:set package 'clearpath_customization' build argument 'cmake_args' from command line to 'None'
[0.161s] Level 5:colcon.colcon_core.verb:set package 'clearpath_customization' build argument 'cmake_target' from command line to 'None'
[0.161s] Level 5:colcon.colcon_core.verb:set package 'clearpath_customization' build argument 'cmake_target_skip_unavailable' from command line to 'False'
[0.162s] Level 5:colcon.colcon_core.verb:set package 'clearpath_customization' build argument 'cmake_clean_cache' from command line to 'False'
[0.162s] Level 5:colcon.colcon_core.verb:set package 'clearpath_customization' build argument 'cmake_clean_first' from command line to 'False'
[0.162s] Level 5:colcon.colcon_core.verb:set package 'clearpath_customization' build argument 'cmake_force_configure' from command line to 'False'
[0.162s] Level 5:colcon.colcon_core.verb:set package 'clearpath_customization' build argument 'ament_cmake_args' from command line to 'None'
[0.162s] Level 5:colcon.colcon_core.verb:set package 'clearpath_customization' build argument 'catkin_cmake_args' from command line to 'None'
[0.162s] Level 5:colcon.colcon_core.verb:set package 'clearpath_customization' build argument 'catkin_skip_building_tests' from command line to 'False'
[0.162s] DEBUG:colcon.colcon_core.verb:Building package 'clearpath_customization' with the following arguments: {'ament_cmake_args': None, 'build_base': '/home/jo/clearpath_ws/build/clearpath_customization', 'catkin_cmake_args': None, 'catkin_skip_building_tests': False, 'cmake_args': None, 'cmake_clean_cache': False, 'cmake_clean_first': False, 'cmake_force_configure': False, 'cmake_target': None, 'cmake_target_skip_unavailable': False, 'install_base': '/home/jo/clearpath_ws/install/clearpath_customization', 'merge_install': False, 'path': '/home/jo/clearpath_ws/src/clearpath_common/clearpath_customization', 'symlink_install': False, 'test_result_base': None}
[0.162s] Level 5:colcon.colcon_core.verb:set package 'clearpath_manipulators_description' build argument 'cmake_args' from command line to 'None'
[0.162s] Level 5:colcon.colcon_core.verb:set package 'clearpath_manipulators_description' build argument 'cmake_target' from command line to 'None'
[0.162s] Level 5:colcon.colcon_core.verb:set package 'clearpath_manipulators_description' build argument 'cmake_target_skip_unavailable' from command line to 'False'
[0.162s] Level 5:colcon.colcon_core.verb:set package 'clearpath_manipulators_description' build argument 'cmake_clean_cache' from command line to 'False'
[0.162s] Level 5:colcon.colcon_core.verb:set package 'clearpath_manipulators_description' build argument 'cmake_clean_first' from command line to 'False'
[0.162s] Level 5:colcon.colcon_core.verb:set package 'clearpath_manipulators_description' build argument 'cmake_force_configure' from command line to 'False'
[0.162s] Level 5:colcon.colcon_core.verb:set package 'clearpath_manipulators_description' build argument 'ament_cmake_args' from command line to 'None'
[0.162s] Level 5:colcon.colcon_core.verb:set package 'clearpath_manipulators_description' build argument 'catkin_cmake_args' from command line to 'None'
[0.162s] Level 5:colcon.colcon_core.verb:set package 'clearpath_manipulators_description' build argument 'catkin_skip_building_tests' from command line to 'False'
[0.162s] DEBUG:colcon.colcon_core.verb:Building package 'clearpath_manipulators_description' with the following arguments: {'ament_cmake_args': None, 'build_base': '/home/jo/clearpath_ws/build/clearpath_manipulators_description', 'catkin_cmake_args': None, 'catkin_skip_building_tests': False, 'cmake_args': None, 'cmake_clean_cache': False, 'cmake_clean_first': False, 'cmake_force_configure': False, 'cmake_target': None, 'cmake_target_skip_unavailable': False, 'install_base': '/home/jo/clearpath_ws/install/clearpath_manipulators_description', 'merge_install': False, 'path': '/home/jo/clearpath_ws/src/clearpath_common/clearpath_manipulators_description', 'symlink_install': False, 'test_result_base': None}
[0.162s] Level 5:colcon.colcon_core.verb:set package 'clearpath_motor_msgs' build argument 'cmake_args' from command line to 'None'
[0.162s] Level 5:colcon.colcon_core.verb:set package 'clearpath_motor_msgs' build argument 'cmake_target' from command line to 'None'
[0.162s] Level 5:colcon.colcon_core.verb:set package 'clearpath_motor_msgs' build argument 'cmake_target_skip_unavailable' from command line to 'False'
[0.162s] Level 5:colcon.colcon_core.verb:set package 'clearpath_motor_msgs' build argument 'cmake_clean_cache' from command line to 'False'
[0.162s] Level 5:colcon.colcon_core.verb:set package 'clearpath_motor_msgs' build argument 'cmake_clean_first' from command line to 'False'
[0.162s] Level 5:colcon.colcon_core.verb:set package 'clearpath_motor_msgs' build argument 'cmake_force_configure' from command line to 'False'
[0.162s] Level 5:colcon.colcon_core.verb:set package 'clearpath_motor_msgs' build argument 'ament_cmake_args' from command line to 'None'
[0.162s] Level 5:colcon.colcon_core.verb:set package 'clearpath_motor_msgs' build argument 'catkin_cmake_args' from command line to 'None'
[0.162s] Level 5:colcon.colcon_core.verb:set package 'clearpath_motor_msgs' build argument 'catkin_skip_building_tests' from command line to 'False'
[0.163s] DEBUG:colcon.colcon_core.verb:Building package 'clearpath_motor_msgs' with the following arguments: {'ament_cmake_args': None, 'build_base': '/home/jo/clearpath_ws/build/clearpath_motor_msgs', 'catkin_cmake_args': None, 'catkin_skip_building_tests': False, 'cmake_args': None, 'cmake_clean_cache': False, 'cmake_clean_first': False, 'cmake_force_configure': False, 'cmake_target': None, 'cmake_target_skip_unavailable': False, 'install_base': '/home/jo/clearpath_ws/install/clearpath_motor_msgs', 'merge_install': False, 'path': '/home/jo/clearpath_ws/src/clearpath_msgs/clearpath_motor_msgs', 'symlink_install': False, 'test_result_base': None}
[0.163s] Level 5:colcon.colcon_core.verb:set package 'clearpath_mounts_description' build argument 'cmake_args' from command line to 'None'
[0.163s] Level 5:colcon.colcon_core.verb:set package 'clearpath_mounts_description' build argument 'cmake_target' from command line to 'None'
[0.163s] Level 5:colcon.colcon_core.verb:set package 'clearpath_mounts_description' build argument 'cmake_target_skip_unavailable' from command line to 'False'
[0.163s] Level 5:colcon.colcon_core.verb:set package 'clearpath_mounts_description' build argument 'cmake_clean_cache' from command line to 'False'
[0.163s] Level 5:colcon.colcon_core.verb:set package 'clearpath_mounts_description' build argument 'cmake_clean_first' from command line to 'False'
[0.163s] Level 5:colcon.colcon_core.verb:set package 'clearpath_mounts_description' build argument 'cmake_force_configure' from command line to 'False'
[0.163s] Level 5:colcon.colcon_core.verb:set package 'clearpath_mounts_description' build argument 'ament_cmake_args' from command line to 'None'
[0.163s] Level 5:colcon.colcon_core.verb:set package 'clearpath_mounts_description' build argument 'catkin_cmake_args' from command line to 'None'
[0.163s] Level 5:colcon.colcon_core.verb:set package 'clearpath_mounts_description' build argument 'catkin_skip_building_tests' from command line to 'False'
[0.163s] DEBUG:colcon.colcon_core.verb:Building package 'clearpath_mounts_description' with the following arguments: {'ament_cmake_args': None, 'build_base': '/home/jo/clearpath_ws/build/clearpath_mounts_description', 'catkin_cmake_args': None, 'catkin_skip_building_tests': False, 'cmake_args': None, 'cmake_clean_cache': False, 'cmake_clean_first': False, 'cmake_force_configure': False, 'cmake_target': None, 'cmake_target_skip_unavailable': False, 'install_base': '/home/jo/clearpath_ws/install/clearpath_mounts_description', 'merge_install': False, 'path': '/home/jo/clearpath_ws/src/clearpath_common/clearpath_mounts_description', 'symlink_install': False, 'test_result_base': None}
[0.163s] Level 5:colcon.colcon_core.verb:set package 'clearpath_platform_description' build argument 'cmake_args' from command line to 'None'
[0.163s] Level 5:colcon.colcon_core.verb:set package 'clearpath_platform_description' build argument 'cmake_target' from command line to 'None'
[0.163s] Level 5:colcon.colcon_core.verb:set package 'clearpath_platform_description' build argument 'cmake_target_skip_unavailable' from command line to 'False'
[0.163s] Level 5:colcon.colcon_core.verb:set package 'clearpath_platform_description' build argument 'cmake_clean_cache' from command line to 'False'
[0.163s] Level 5:colcon.colcon_core.verb:set package 'clearpath_platform_description' build argument 'cmake_clean_first' from command line to 'False'
[0.163s] Level 5:colcon.colcon_core.verb:set package 'clearpath_platform_description' build argument 'cmake_force_configure' from command line to 'False'
[0.163s] Level 5:colcon.colcon_core.verb:set package 'clearpath_platform_description' build argument 'ament_cmake_args' from command line to 'None'
[0.163s] Level 5:colcon.colcon_core.verb:set package 'clearpath_platform_description' build argument 'catkin_cmake_args' from command line to 'None'
[0.163s] Level 5:colcon.colcon_core.verb:set package 'clearpath_platform_description' build argument 'catkin_skip_building_tests' from command line to 'False'
[0.163s] DEBUG:colcon.colcon_core.verb:Building package 'clearpath_platform_description' with the following arguments: {'ament_cmake_args': None, 'build_base': '/home/jo/clearpath_ws/build/clearpath_platform_description', 'catkin_cmake_args': None, 'catkin_skip_building_tests': False, 'cmake_args': None, 'cmake_clean_cache': False, 'cmake_clean_first': False, 'cmake_force_configure': False, 'cmake_target': None, 'cmake_target_skip_unavailable': False, 'install_base': '/home/jo/clearpath_ws/install/clearpath_platform_description', 'merge_install': False, 'path': '/home/jo/clearpath_ws/src/clearpath_common/clearpath_platform_description', 'symlink_install': False, 'test_result_base': None}
[0.164s] Level 5:colcon.colcon_core.verb:set package 'clearpath_platform_msgs' build argument 'cmake_args' from command line to 'None'
[0.164s] Level 5:colcon.colcon_core.verb:set package 'clearpath_platform_msgs' build argument 'cmake_target' from command line to 'None'
[0.164s] Level 5:colcon.colcon_core.verb:set package 'clearpath_platform_msgs' build argument 'cmake_target_skip_unavailable' from command line to 'False'
[0.164s] Level 5:colcon.colcon_core.verb:set package 'clearpath_platform_msgs' build argument 'cmake_clean_cache' from command line to 'False'
[0.164s] Level 5:colcon.colcon_core.verb:set package 'clearpath_platform_msgs' build argument 'cmake_clean_first' from command line to 'False'
[0.164s] Level 5:colcon.colcon_core.verb:set package 'clearpath_platform_msgs' build argument 'cmake_force_configure' from command line to 'False'
[0.164s] Level 5:colcon.colcon_core.verb:set package 'clearpath_platform_msgs' build argument 'ament_cmake_args' from command line to 'None'
[0.164s] Level 5:colcon.colcon_core.verb:set package 'clearpath_platform_msgs' build argument 'catkin_cmake_args' from command line to 'None'
[0.164s] Level 5:colcon.colcon_core.verb:set package 'clearpath_platform_msgs' build argument 'catkin_skip_building_tests' from command line to 'False'
[0.164s] DEBUG:colcon.colcon_core.verb:Building package 'clearpath_platform_msgs' with the following arguments: {'ament_cmake_args': None, 'build_base': '/home/jo/clearpath_ws/build/clearpath_platform_msgs', 'catkin_cmake_args': None, 'catkin_skip_building_tests': False, 'cmake_args': None, 'cmake_clean_cache': False, 'cmake_clean_first': False, 'cmake_force_configure': False, 'cmake_target': None, 'cmake_target_skip_unavailable': False, 'install_base': '/home/jo/clearpath_ws/install/clearpath_platform_msgs', 'merge_install': False, 'path': '/home/jo/clearpath_ws/src/clearpath_msgs/clearpath_platform_msgs', 'symlink_install': False, 'test_result_base': None}
[0.164s] Level 5:colcon.colcon_core.verb:set package 'clearpath_sensors_description' build argument 'cmake_args' from command line to 'None'
[0.164s] Level 5:colcon.colcon_core.verb:set package 'clearpath_sensors_description' build argument 'cmake_target' from command line to 'None'
[0.164s] Level 5:colcon.colcon_core.verb:set package 'clearpath_sensors_description' build argument 'cmake_target_skip_unavailable' from command line to 'False'
[0.164s] Level 5:colcon.colcon_core.verb:set package 'clearpath_sensors_description' build argument 'cmake_clean_cache' from command line to 'False'
[0.165s] Level 5:colcon.colcon_core.verb:set package 'clearpath_sensors_description' build argument 'cmake_clean_first' from command line to 'False'
[0.165s] Level 5:colcon.colcon_core.verb:set package 'clearpath_sensors_description' build argument 'cmake_force_configure' from command line to 'False'
[0.165s] Level 5:colcon.colcon_core.verb:set package 'clearpath_sensors_description' build argument 'ament_cmake_args' from command line to 'None'
[0.165s] Level 5:colcon.colcon_core.verb:set package 'clearpath_sensors_description' build argument 'catkin_cmake_args' from command line to 'None'
[0.165s] Level 5:colcon.colcon_core.verb:set package 'clearpath_sensors_description' build argument 'catkin_skip_building_tests' from command line to 'False'
[0.165s] DEBUG:colcon.colcon_core.verb:Building package 'clearpath_sensors_description' with the following arguments: {'ament_cmake_args': None, 'build_base': '/home/jo/clearpath_ws/build/clearpath_sensors_description', 'catkin_cmake_args': None, 'catkin_skip_building_tests': False, 'cmake_args': None, 'cmake_clean_cache': False, 'cmake_clean_first': False, 'cmake_force_configure': False, 'cmake_target': None, 'cmake_target_skip_unavailable': False, 'install_base': '/home/jo/clearpath_ws/install/clearpath_sensors_description', 'merge_install': False, 'path': '/home/jo/clearpath_ws/src/clearpath_common/clearpath_sensors_description', 'symlink_install': False, 'test_result_base': None}
[0.165s] Level 5:colcon.colcon_core.verb:set package 'clearpath_description' build argument 'cmake_args' from command line to 'None'
[0.165s] Level 5:colcon.colcon_core.verb:set package 'clearpath_description' build argument 'cmake_target' from command line to 'None'
[0.165s] Level 5:colcon.colcon_core.verb:set package 'clearpath_description' build argument 'cmake_target_skip_unavailable' from command line to 'False'
[0.165s] Level 5:colcon.colcon_core.verb:set package 'clearpath_description' build argument 'cmake_clean_cache' from command line to 'False'
[0.165s] Level 5:colcon.colcon_core.verb:set package 'clearpath_description' build argument 'cmake_clean_first' from command line to 'False'
[0.165s] Level 5:colcon.colcon_core.verb:set package 'clearpath_description' build argument 'cmake_force_configure' from command line to 'False'
[0.165s] Level 5:colcon.colcon_core.verb:set package 'clearpath_description' build argument 'ament_cmake_args' from command line to 'None'
[0.165s] Level 5:colcon.colcon_core.verb:set package 'clearpath_description' build argument 'catkin_cmake_args' from command line to 'None'
[0.165s] Level 5:colcon.colcon_core.verb:set package 'clearpath_description' build argument 'catkin_skip_building_tests' from command line to 'False'
[0.165s] DEBUG:colcon.colcon_core.verb:Building package 'clearpath_description' with the following arguments: {'ament_cmake_args': None, 'build_base': '/home/jo/clearpath_ws/build/clearpath_description', 'catkin_cmake_args': None, 'catkin_skip_building_tests': False, 'cmake_args': None, 'cmake_clean_cache': False, 'cmake_clean_first': False, 'cmake_force_configure': False, 'cmake_target': None, 'cmake_target_skip_unavailable': False, 'install_base': '/home/jo/clearpath_ws/install/clearpath_description', 'merge_install': False, 'path': '/home/jo/clearpath_ws/src/clearpath_common/clearpath_description', 'symlink_install': False, 'test_result_base': None}
[0.165s] Level 5:colcon.colcon_core.verb:set package 'clearpath_manipulators' build argument 'cmake_args' from command line to 'None'
[0.165s] Level 5:colcon.colcon_core.verb:set package 'clearpath_manipulators' build argument 'cmake_target' from command line to 'None'
[0.165s] Level 5:colcon.colcon_core.verb:set package 'clearpath_manipulators' build argument 'cmake_target_skip_unavailable' from command line to 'False'
[0.165s] Level 5:colcon.colcon_core.verb:set package 'clearpath_manipulators' build argument 'cmake_clean_cache' from command line to 'False'
[0.166s] Level 5:colcon.colcon_core.verb:set package 'clearpath_manipulators' build argument 'cmake_clean_first' from command line to 'False'
[0.166s] Level 5:colcon.colcon_core.verb:set package 'clearpath_manipulators' build argument 'cmake_force_configure' from command line to 'False'
[0.166s] Level 5:colcon.colcon_core.verb:set package 'clearpath_manipulators' build argument 'ament_cmake_args' from command line to 'None'
[0.166s] Level 5:colcon.colcon_core.verb:set package 'clearpath_manipulators' build argument 'catkin_cmake_args' from command line to 'None'
[0.166s] Level 5:colcon.colcon_core.verb:set package 'clearpath_manipulators' build argument 'catkin_skip_building_tests' from command line to 'False'
[0.166s] DEBUG:colcon.colcon_core.verb:Building package 'clearpath_manipulators' with the following arguments: {'ament_cmake_args': None, 'build_base': '/home/jo/clearpath_ws/build/clearpath_manipulators', 'catkin_cmake_args': None, 'catkin_skip_building_tests': False, 'cmake_args': None, 'cmake_clean_cache': False, 'cmake_clean_first': False, 'cmake_force_configure': False, 'cmake_target': None, 'cmake_target_skip_unavailable': False, 'install_base': '/home/jo/clearpath_ws/install/clearpath_manipulators', 'merge_install': False, 'path': '/home/jo/clearpath_ws/src/clearpath_common/clearpath_manipulators', 'symlink_install': False, 'test_result_base': None}
[0.166s] Level 5:colcon.colcon_core.verb:set package 'clearpath_msgs' build argument 'cmake_args' from command line to 'None'
[0.166s] Level 5:colcon.colcon_core.verb:set package 'clearpath_msgs' build argument 'cmake_target' from command line to 'None'
[0.166s] Level 5:colcon.colcon_core.verb:set package 'clearpath_msgs' build argument 'cmake_target_skip_unavailable' from command line to 'False'
[0.166s] Level 5:colcon.colcon_core.verb:set package 'clearpath_msgs' build argument 'cmake_clean_cache' from command line to 'False'
[0.166s] Level 5:colcon.colcon_core.verb:set package 'clearpath_msgs' build argument 'cmake_clean_first' from command line to 'False'
[0.166s] Level 5:colcon.colcon_core.verb:set package 'clearpath_msgs' build argument 'cmake_force_configure' from command line to 'False'
[0.166s] Level 5:colcon.colcon_core.verb:set package 'clearpath_msgs' build argument 'ament_cmake_args' from command line to 'None'
[0.166s] Level 5:colcon.colcon_core.verb:set package 'clearpath_msgs' build argument 'catkin_cmake_args' from command line to 'None'
[0.166s] Level 5:colcon.colcon_core.verb:set package 'clearpath_msgs' build argument 'catkin_skip_building_tests' from command line to 'False'
[0.166s] DEBUG:colcon.colcon_core.verb:Building package 'clearpath_msgs' with the following arguments: {'ament_cmake_args': None, 'build_base': '/home/jo/clearpath_ws/build/clearpath_msgs', 'catkin_cmake_args': None, 'catkin_skip_building_tests': False, 'cmake_args': None, 'cmake_clean_cache': False, 'cmake_clean_first': False, 'cmake_force_configure': False, 'cmake_target': None, 'cmake_target_skip_unavailable': False, 'install_base': '/home/jo/clearpath_ws/install/clearpath_msgs', 'merge_install': False, 'path': '/home/jo/clearpath_ws/src/clearpath_msgs/clearpath_msgs', 'symlink_install': False, 'test_result_base': None}
[0.166s] Level 5:colcon.colcon_core.verb:set package 'clearpath_generator_common' build argument 'cmake_args' from command line to 'None'
[0.166s] Level 5:colcon.colcon_core.verb:set package 'clearpath_generator_common' build argument 'cmake_target' from command line to 'None'
[0.166s] Level 5:colcon.colcon_core.verb:set package 'clearpath_generator_common' build argument 'cmake_target_skip_unavailable' from command line to 'False'
[0.166s] Level 5:colcon.colcon_core.verb:set package 'clearpath_generator_common' build argument 'cmake_clean_cache' from command line to 'False'
[0.166s] Level 5:colcon.colcon_core.verb:set package 'clearpath_generator_common' build argument 'cmake_clean_first' from command line to 'False'
[0.166s] Level 5:colcon.colcon_core.verb:set package 'clearpath_generator_common' build argument 'cmake_force_configure' from command line to 'False'
[0.166s] Level 5:colcon.colcon_core.verb:set package 'clearpath_generator_common' build argument 'ament_cmake_args' from command line to 'None'
[0.166s] Level 5:colcon.colcon_core.verb:set package 'clearpath_generator_common' build argument 'catkin_cmake_args' from command line to 'None'
[0.166s] Level 5:colcon.colcon_core.verb:set package 'clearpath_generator_common' build argument 'catkin_skip_building_tests' from command line to 'False'
[0.166s] DEBUG:colcon.colcon_core.verb:Building package 'clearpath_generator_common' with the following arguments: {'ament_cmake_args': None, 'build_base': '/home/jo/clearpath_ws/build/clearpath_generator_common', 'catkin_cmake_args': None, 'catkin_skip_building_tests': False, 'cmake_args': None, 'cmake_clean_cache': False, 'cmake_clean_first': False, 'cmake_force_configure': False, 'cmake_target': None, 'cmake_target_skip_unavailable': False, 'install_base': '/home/jo/clearpath_ws/install/clearpath_generator_common', 'merge_install': False, 'path': '/home/jo/clearpath_ws/src/clearpath_common/clearpath_generator_common', 'symlink_install': False, 'test_result_base': None}
[0.167s] Level 5:colcon.colcon_core.verb:set package 'clearpath_common' build argument 'cmake_args' from command line to 'None'
[0.167s] Level 5:colcon.colcon_core.verb:set package 'clearpath_common' build argument 'cmake_target' from command line to 'None'
[0.167s] Level 5:colcon.colcon_core.verb:set package 'clearpath_common' build argument 'cmake_target_skip_unavailable' from command line to 'False'
[0.167s] Level 5:colcon.colcon_core.verb:set package 'clearpath_common' build argument 'cmake_clean_cache' from command line to 'False'
[0.167s] Level 5:colcon.colcon_core.verb:set package 'clearpath_common' build argument 'cmake_clean_first' from command line to 'False'
[0.167s] Level 5:colcon.colcon_core.verb:set package 'clearpath_common' build argument 'cmake_force_configure' from command line to 'False'
[0.167s] Level 5:colcon.colcon_core.verb:set package 'clearpath_common' build argument 'ament_cmake_args' from command line to 'None'
[0.167s] Level 5:colcon.colcon_core.verb:set package 'clearpath_common' build argument 'catkin_cmake_args' from command line to 'None'
[0.167s] Level 5:colcon.colcon_core.verb:set package 'clearpath_common' build argument 'catkin_skip_building_tests' from command line to 'False'
[0.167s] DEBUG:colcon.colcon_core.verb:Building package 'clearpath_common' with the following arguments: {'ament_cmake_args': None, 'build_base': '/home/jo/clearpath_ws/build/clearpath_common', 'catkin_cmake_args': None, 'catkin_skip_building_tests': False, 'cmake_args': None, 'cmake_clean_cache': False, 'cmake_clean_first': False, 'cmake_force_configure': False, 'cmake_target': None, 'cmake_target_skip_unavailable': False, 'install_base': '/home/jo/clearpath_ws/install/clearpath_common', 'merge_install': False, 'path': '/home/jo/clearpath_ws/src/clearpath_common/clearpath_common', 'symlink_install': False, 'test_result_base': None}
[0.167s] INFO:colcon.colcon_core.executor:Executing jobs using 'parallel' executor
[0.168s] DEBUG:colcon.colcon_parallel_executor.executor.parallel:run_until_complete
[0.168s] INFO:colcon.colcon_ros.task.ament_cmake.build:Building ROS package in '/home/jo/clearpath_ws/src/clearpath_common/clearpath_manipulators_description' with build type 'ament_cmake'
[0.168s] INFO:colcon.colcon_cmake.task.cmake.build:Building CMake package in '/home/jo/clearpath_ws/src/clearpath_common/clearpath_manipulators_description'
[0.170s] INFO:colcon.colcon_core.plugin_system:Skipping extension 'colcon_core.shell.bat': Not used on non-Windows systems
[0.170s] INFO:colcon.colcon_core.shell:Skip shell extension 'powershell' for command environment: Not usable outside of PowerShell
[0.170s] DEBUG:colcon.colcon_core.shell:Skip shell extension 'dsv' for command environment
[0.171s] WARNING:colcon.colcon_core.prefix_path.colcon:The path '/home/jo/ugv_simulator_ws/install' in the environment variable COLCON_PREFIX_PATH doesn't exist
[0.176s] INFO:colcon.colcon_ros.task.ament_cmake.build:Building ROS package in '/home/jo/clearpath_ws/src/clearpath_common/clearpath_mounts_description' with build type 'ament_cmake'
[0.177s] INFO:colcon.colcon_cmake.task.cmake.build:Building CMake package in '/home/jo/clearpath_ws/src/clearpath_common/clearpath_mounts_description'
[0.177s] INFO:colcon.colcon_core.shell:Skip shell extension 'powershell' for command environment: Not usable outside of PowerShell
[0.177s] DEBUG:colcon.colcon_core.shell:Skip shell extension 'dsv' for command environment
[0.182s] INFO:colcon.colcon_ros.task.ament_cmake.build:Building ROS package in '/home/jo/clearpath_ws/src/clearpath_common/clearpath_platform_description' with build type 'ament_cmake'
[0.182s] INFO:colcon.colcon_cmake.task.cmake.build:Building CMake package in '/home/jo/clearpath_ws/src/clearpath_common/clearpath_platform_description'
[0.182s] INFO:colcon.colcon_core.shell:Skip shell extension 'powershell' for command environment: Not usable outside of PowerShell
[0.182s] DEBUG:colcon.colcon_core.shell:Skip shell extension 'dsv' for command environment
[0.187s] INFO:colcon.colcon_ros.task.ament_cmake.build:Building ROS package in '/home/jo/clearpath_ws/src/clearpath_common/clearpath_sensors_description' with build type 'ament_cmake'
[0.187s] INFO:colcon.colcon_cmake.task.cmake.build:Building CMake package in '/home/jo/clearpath_ws/src/clearpath_common/clearpath_sensors_description'
[0.187s] INFO:colcon.colcon_core.shell:Skip shell extension 'powershell' for command environment: Not usable outside of PowerShell
[0.187s] DEBUG:colcon.colcon_core.shell:Skip shell extension 'dsv' for command environment
[0.192s] INFO:colcon.colcon_ros.task.ament_python.build:Building ROS package in '/home/jo/clearpath_ws/src/clearpath_config' with build type 'ament_python'
[0.192s] Level 1:colcon.colcon_core.shell:create_environment_hook('clearpath_config', 'ament_prefix_path')
[0.192s] INFO:colcon.colcon_core.shell:Creating environment hook '/home/jo/clearpath_ws/install/clearpath_config/share/clearpath_config/hook/ament_prefix_path.ps1'
[0.193s] INFO:colcon.colcon_core.shell:Creating environment descriptor '/home/jo/clearpath_ws/install/clearpath_config/share/clearpath_config/hook/ament_prefix_path.dsv'
[0.193s] INFO:colcon.colcon_core.shell:Creating environment hook '/home/jo/clearpath_ws/install/clearpath_config/share/clearpath_config/hook/ament_prefix_path.sh'
[0.194s] INFO:colcon.colcon_core.shell:Skip shell extension 'powershell' for command environment: Not usable outside of PowerShell
[0.194s] DEBUG:colcon.colcon_core.shell:Skip shell extension 'dsv' for command environment
[0.198s] INFO:colcon.colcon_ros.task.ament_cmake.build:Building ROS package in '/home/jo/clearpath_ws/src/clearpath_common/clearpath_control' with build type 'ament_cmake'
[0.199s] INFO:colcon.colcon_cmake.task.cmake.build:Building CMake package in '/home/jo/clearpath_ws/src/clearpath_common/clearpath_control'
[0.199s] INFO:colcon.colcon_core.shell:Skip shell extension 'powershell' for command environment: Not usable outside of PowerShell
[0.199s] DEBUG:colcon.colcon_core.shell:Skip shell extension 'dsv' for command environment
[0.204s] INFO:colcon.colcon_ros.task.ament_cmake.build:Building ROS package in '/home/jo/clearpath_ws/src/clearpath_msgs/clearpath_motor_msgs' with build type 'ament_cmake'
[0.204s] INFO:colcon.colcon_cmake.task.cmake.build:Building CMake package in '/home/jo/clearpath_ws/src/clearpath_msgs/clearpath_motor_msgs'
[0.204s] INFO:colcon.colcon_core.shell:Skip shell extension 'powershell' for command environment: Not usable outside of PowerShell
[0.204s] DEBUG:colcon.colcon_core.shell:Skip shell extension 'dsv' for command environment
[0.209s] INFO:colcon.colcon_ros.task.ament_cmake.build:Building ROS package in '/home/jo/clearpath_ws/src/clearpath_msgs/clearpath_platform_msgs' with build type 'ament_cmake'
[0.209s] INFO:colcon.colcon_cmake.task.cmake.build:Building CMake package in '/home/jo/clearpath_ws/src/clearpath_msgs/clearpath_platform_msgs'
[0.209s] INFO:colcon.colcon_core.shell:Skip shell extension 'powershell' for command environment: Not usable outside of PowerShell
[0.209s] DEBUG:colcon.colcon_core.shell:Skip shell extension 'dsv' for command environment
[0.214s] INFO:colcon.colcon_ros.task.ament_cmake.build:Building ROS package in '/home/jo/clearpath_ws/src/clearpath_common/clearpath_customization' with build type 'ament_cmake'
[0.214s] INFO:colcon.colcon_cmake.task.cmake.build:Building CMake package in '/home/jo/clearpath_ws/src/clearpath_common/clearpath_customization'
[0.214s] INFO:colcon.colcon_core.shell:Skip shell extension 'powershell' for command environment: Not usable outside of PowerShell
[0.214s] DEBUG:colcon.colcon_core.shell:Skip shell extension 'dsv' for command environment
[0.221s] DEBUG:colcon.colcon_core.event_handler.log_command:Invoking command in '/home/jo/clearpath_ws/build/clearpath_manipulators_description': CMAKE_PREFIX_PATH=${CMAKE_PREFIX_PATH}:/opt/ros/humble /usr/bin/cmake /home/jo/clearpath_ws/src/clearpath_common/clearpath_manipulators_description -DCMAKE_INSTALL_PREFIX=/home/jo/clearpath_ws/install/clearpath_manipulators_description
[0.224s] DEBUG:colcon.colcon_core.event_handler.log_command:Invoking command in '/home/jo/clearpath_ws/build/clearpath_mounts_description': CMAKE_PREFIX_PATH=${CMAKE_PREFIX_PATH}:/opt/ros/humble /usr/bin/cmake /home/jo/clearpath_ws/src/clearpath_common/clearpath_mounts_description -DCMAKE_INSTALL_PREFIX=/home/jo/clearpath_ws/install/clearpath_mounts_description
[0.225s] DEBUG:colcon.colcon_core.event_handler.log_command:Invoking command in '/home/jo/clearpath_ws/build/clearpath_platform_description': CMAKE_PREFIX_PATH=${CMAKE_PREFIX_PATH}:/opt/ros/humble /usr/bin/cmake /home/jo/clearpath_ws/src/clearpath_common/clearpath_platform_description -DCMAKE_INSTALL_PREFIX=/home/jo/clearpath_ws/install/clearpath_platform_description
[0.226s] DEBUG:colcon.colcon_core.event_handler.log_command:Invoking command in '/home/jo/clearpath_ws/build/clearpath_sensors_description': CMAKE_PREFIX_PATH=${CMAKE_PREFIX_PATH}:/opt/ros/humble /usr/bin/cmake /home/jo/clearpath_ws/src/clearpath_common/clearpath_sensors_description -DCMAKE_INSTALL_PREFIX=/home/jo/clearpath_ws/install/clearpath_sensors_description
[0.400s] INFO:colcon.colcon_core.task.python.build:Building Python package in '/home/jo/clearpath_ws/src/clearpath_config'
[0.400s] INFO:colcon.colcon_core.shell:Skip shell extension 'powershell' for command environment: Not usable outside of PowerShell
[0.400s] DEBUG:colcon.colcon_core.shell:Skip shell extension 'dsv' for command environment
[0.407s] DEBUG:colcon.colcon_core.event_handler.log_command:Invoking command in '/home/jo/clearpath_ws/build/clearpath_control': CMAKE_PREFIX_PATH=${CMAKE_PREFIX_PATH}:/opt/ros/humble /usr/bin/cmake /home/jo/clearpath_ws/src/clearpath_common/clearpath_control -DCMAKE_INSTALL_PREFIX=/home/jo/clearpath_ws/install/clearpath_control
[0.408s] DEBUG:colcon.colcon_core.event_handler.log_command:Invoking command in '/home/jo/clearpath_ws/build/clearpath_motor_msgs': CMAKE_PREFIX_PATH=${CMAKE_PREFIX_PATH}:/opt/ros/humble /usr/bin/cmake /home/jo/clearpath_ws/src/clearpath_msgs/clearpath_motor_msgs -DCMAKE_INSTALL_PREFIX=/home/jo/clearpath_ws/install/clearpath_motor_msgs
[0.411s] DEBUG:colcon.colcon_core.event_handler.log_command:Invoking command in '/home/jo/clearpath_ws/build/clearpath_platform_msgs': CMAKE_PREFIX_PATH=${CMAKE_PREFIX_PATH}:/opt/ros/humble /usr/bin/cmake /home/jo/clearpath_ws/src/clearpath_msgs/clearpath_platform_msgs -DCMAKE_INSTALL_PREFIX=/home/jo/clearpath_ws/install/clearpath_platform_msgs
[0.417s] DEBUG:colcon.colcon_core.event_handler.log_command:Invoking command in '/home/jo/clearpath_ws/build/clearpath_customization': CMAKE_PREFIX_PATH=${CMAKE_PREFIX_PATH}:/opt/ros/humble /usr/bin/cmake /home/jo/clearpath_ws/src/clearpath_common/clearpath_customization -DCMAKE_INSTALL_PREFIX=/home/jo/clearpath_ws/install/clearpath_customization
[0.865s] DEBUG:colcon.colcon_core.event_handler.log_command:Invoking command in '/home/jo/clearpath_ws/src/clearpath_config': PYTHONPATH=/home/jo/clearpath_ws/build/clearpath_config/prefix_override:/usr/lib/python3/dist-packages/colcon_core/task/python/colcon_distutils_commands:/home/jo/clearpath_ws/install/clearpath_config/lib/python3.10/site-packages:${PYTHONPATH} /usr/bin/python3 -W ignore:setup.py install is deprecated -W ignore:easy_install command is deprecated setup.py egg_info --egg-base ../../build/clearpath_config build --build-base /home/jo/clearpath_ws/build/clearpath_config/build install --record /home/jo/clearpath_ws/build/clearpath_config/install.log --single-version-externally-managed install_data
[1.006s] DEBUG:colcon.colcon_core.event_handler.log_command:Invoked command in '/home/jo/clearpath_ws/build/clearpath_sensors_description' returned '0': CMAKE_PREFIX_PATH=${CMAKE_PREFIX_PATH}:/opt/ros/humble /usr/bin/cmake /home/jo/clearpath_ws/src/clearpath_common/clearpath_sensors_description -DCMAKE_INSTALL_PREFIX=/home/jo/clearpath_ws/install/clearpath_sensors_description
[1.007s] DEBUG:colcon.colcon_core.event_handler.log_command:Invoking command in '/home/jo/clearpath_ws/build/clearpath_sensors_description': CMAKE_PREFIX_PATH=${CMAKE_PREFIX_PATH}:/opt/ros/humble /usr/bin/cmake --build /home/jo/clearpath_ws/build/clearpath_sensors_description -- -j20 -l20
[1.024s] DEBUG:colcon.colcon_core.event_handler.log_command:Invoked command in '/home/jo/clearpath_ws/build/clearpath_manipulators_description' returned '0': CMAKE_PREFIX_PATH=${CMAKE_PREFIX_PATH}:/opt/ros/humble /usr/bin/cmake /home/jo/clearpath_ws/src/clearpath_common/clearpath_manipulators_description -DCMAKE_INSTALL_PREFIX=/home/jo/clearpath_ws/install/clearpath_manipulators_description
[1.025s] DEBUG:colcon.colcon_core.event_handler.log_command:Invoking command in '/home/jo/clearpath_ws/build/clearpath_manipulators_description': CMAKE_PREFIX_PATH=${CMAKE_PREFIX_PATH}:/opt/ros/humble /usr/bin/cmake --build /home/jo/clearpath_ws/build/clearpath_manipulators_description -- -j20 -l20
[1.040s] DEBUG:colcon.colcon_core.event_handler.log_command:Invoked command in '/home/jo/clearpath_ws/build/clearpath_sensors_description' returned '0': CMAKE_PREFIX_PATH=${CMAKE_PREFIX_PATH}:/opt/ros/humble /usr/bin/cmake --build /home/jo/clearpath_ws/build/clearpath_sensors_description -- -j20 -l20
[1.048s] DEBUG:colcon.colcon_core.event_handler.log_command:Invoking command in '/home/jo/clearpath_ws/build/clearpath_sensors_description': CMAKE_PREFIX_PATH=${CMAKE_PREFIX_PATH}:/opt/ros/humble /usr/bin/cmake --install /home/jo/clearpath_ws/build/clearpath_sensors_description
[1.048s] DEBUG:colcon.colcon_core.event_handler.log_command:Invoked command in '/home/jo/clearpath_ws/build/clearpath_mounts_description' returned '0': CMAKE_PREFIX_PATH=${CMAKE_PREFIX_PATH}:/opt/ros/humble /usr/bin/cmake /home/jo/clearpath_ws/src/clearpath_common/clearpath_mounts_description -DCMAKE_INSTALL_PREFIX=/home/jo/clearpath_ws/install/clearpath_mounts_description
[1.050s] DEBUG:colcon.colcon_core.event_handler.log_command:Invoking command in '/home/jo/clearpath_ws/build/clearpath_mounts_description': CMAKE_PREFIX_PATH=${CMAKE_PREFIX_PATH}:/opt/ros/humble /usr/bin/cmake --build /home/jo/clearpath_ws/build/clearpath_mounts_description -- -j20 -l20
[1.055s] DEBUG:colcon.colcon_core.event_handler.log_command:Invoked command in '/home/jo/clearpath_ws/build/clearpath_manipulators_description' returned '0': CMAKE_PREFIX_PATH=${CMAKE_PREFIX_PATH}:/opt/ros/humble /usr/bin/cmake --build /home/jo/clearpath_ws/build/clearpath_manipulators_description -- -j20 -l20
[1.056s] DEBUG:colcon.colcon_core.event_handler.log_command:Invoking command in '/home/jo/clearpath_ws/build/clearpath_manipulators_description': CMAKE_PREFIX_PATH=${CMAKE_PREFIX_PATH}:/opt/ros/humble /usr/bin/cmake --install /home/jo/clearpath_ws/build/clearpath_manipulators_description
[1.064s] DEBUG:colcon.colcon_core.event_handler.log_command:Invoked command in '/home/jo/clearpath_ws/build/clearpath_platform_description' returned '0': CMAKE_PREFIX_PATH=${CMAKE_PREFIX_PATH}:/opt/ros/humble /usr/bin/cmake /home/jo/clearpath_ws/src/clearpath_common/clearpath_platform_description -DCMAKE_INSTALL_PREFIX=/home/jo/clearpath_ws/install/clearpath_platform_description
[1.068s] DEBUG:colcon.colcon_core.event_handler.log_command:Invoking command in '/home/jo/clearpath_ws/build/clearpath_platform_description': CMAKE_PREFIX_PATH=${CMAKE_PREFIX_PATH}:/opt/ros/humble /usr/bin/cmake --build /home/jo/clearpath_ws/build/clearpath_platform_description -- -j20 -l20
[1.073s] Level 1:colcon.colcon_core.environment:create_environment_scripts_only(clearpath_manipulators_description)
[1.074s] DEBUG:colcon.colcon_core.event_handler.log_command:Invoked command in '/home/jo/clearpath_ws/build/clearpath_manipulators_description' returned '0': CMAKE_PREFIX_PATH=${CMAKE_PREFIX_PATH}:/opt/ros/humble /usr/bin/cmake --install /home/jo/clearpath_ws/build/clearpath_manipulators_description
[1.078s] Level 1:colcon.colcon_core.environment:checking '/home/jo/clearpath_ws/install/clearpath_manipulators_description' for CMake module files
[1.078s] Level 1:colcon.colcon_core.environment:checking '/home/jo/clearpath_ws/install/clearpath_manipulators_description' for CMake config files
[1.079s] Level 1:colcon.colcon_core.shell:create_environment_hook('clearpath_manipulators_description', 'cmake_prefix_path')
[1.079s] INFO:colcon.colcon_core.shell:Creating environment hook '/home/jo/clearpath_ws/install/clearpath_manipulators_description/share/clearpath_manipulators_description/hook/cmake_prefix_path.ps1'
[1.080s] INFO:colcon.colcon_core.shell:Creating environment descriptor '/home/jo/clearpath_ws/install/clearpath_manipulators_description/share/clearpath_manipulators_description/hook/cmake_prefix_path.dsv'
[1.080s] INFO:colcon.colcon_core.shell:Creating environment hook '/home/jo/clearpath_ws/install/clearpath_manipulators_description/share/clearpath_manipulators_description/hook/cmake_prefix_path.sh'
[1.081s] Level 1:colcon.colcon_core.environment:checking '/home/jo/clearpath_ws/install/clearpath_manipulators_description/bin'
[1.081s] Level 1:colcon.colcon_core.environment:checking '/home/jo/clearpath_ws/install/clearpath_manipulators_description/lib/pkgconfig/clearpath_manipulators_description.pc'
[1.081s] Level 1:colcon.colcon_core.environment:checking '/home/jo/clearpath_ws/install/clearpath_manipulators_description/lib/python3.10/site-packages'
[1.081s] Level 1:colcon.colcon_core.environment:checking '/home/jo/clearpath_ws/install/clearpath_manipulators_description/bin'
[1.082s] INFO:colcon.colcon_core.shell:Creating package script '/home/jo/clearpath_ws/install/clearpath_manipulators_description/share/clearpath_manipulators_description/package.ps1'
[1.083s] INFO:colcon.colcon_core.shell:Creating package descriptor '/home/jo/clearpath_ws/install/clearpath_manipulators_description/share/clearpath_manipulators_description/package.dsv'
[1.083s] INFO:colcon.colcon_core.shell:Creating package script '/home/jo/clearpath_ws/install/clearpath_manipulators_description/share/clearpath_manipulators_description/package.sh'
[1.084s] INFO:colcon.colcon_core.shell:Creating package script '/home/jo/clearpath_ws/install/clearpath_manipulators_description/share/clearpath_manipulators_description/package.bash'
[1.084s] INFO:colcon.colcon_core.shell:Creating package script '/home/jo/clearpath_ws/install/clearpath_manipulators_description/share/clearpath_manipulators_description/package.zsh'
[1.085s] Level 1:colcon.colcon_core.environment:create_file_with_runtime_dependencies(/home/jo/clearpath_ws/install/clearpath_manipulators_description/share/colcon-core/packages/clearpath_manipulators_description)
[1.086s] Level 1:colcon.colcon_core.environment:create_environment_scripts_only(clearpath_manipulators_description)
[1.086s] Level 1:colcon.colcon_core.environment:checking '/home/jo/clearpath_ws/install/clearpath_manipulators_description' for CMake module files
[1.086s] Level 1:colcon.colcon_core.environment:checking '/home/jo/clearpath_ws/install/clearpath_manipulators_description' for CMake config files
[1.086s] Level 1:colcon.colcon_core.shell:create_environment_hook('clearpath_manipulators_description', 'cmake_prefix_path')
[1.086s] INFO:colcon.colcon_core.shell:Creating environment hook '/home/jo/clearpath_ws/install/clearpath_manipulators_description/share/clearpath_manipulators_description/hook/cmake_prefix_path.ps1'
[1.087s] INFO:colcon.colcon_core.shell:Creating environment descriptor '/home/jo/clearpath_ws/install/clearpath_manipulators_description/share/clearpath_manipulators_description/hook/cmake_prefix_path.dsv'
[1.087s] INFO:colcon.colcon_core.shell:Creating environment hook '/home/jo/clearpath_ws/install/clearpath_manipulators_description/share/clearpath_manipulators_description/hook/cmake_prefix_path.sh'
[1.087s] Level 1:colcon.colcon_core.environment:checking '/home/jo/clearpath_ws/install/clearpath_manipulators_description/bin'
[1.087s] Level 1:colcon.colcon_core.environment:checking '/home/jo/clearpath_ws/install/clearpath_manipulators_description/lib/pkgconfig/clearpath_manipulators_description.pc'
[1.088s] Level 1:colcon.colcon_core.environment:checking '/home/jo/clearpath_ws/install/clearpath_manipulators_description/lib/python3.10/site-packages'
[1.088s] Level 1:colcon.colcon_core.environment:checking '/home/jo/clearpath_ws/install/clearpath_manipulators_description/bin'
[1.088s] INFO:colcon.colcon_core.shell:Creating package script '/home/jo/clearpath_ws/install/clearpath_manipulators_description/share/clearpath_manipulators_description/package.ps1'
[1.088s] INFO:colcon.colcon_core.shell:Creating package descriptor '/home/jo/clearpath_ws/install/clearpath_manipulators_description/share/clearpath_manipulators_description/package.dsv'
[1.089s] INFO:colcon.colcon_core.shell:Creating package script '/home/jo/clearpath_ws/install/clearpath_manipulators_description/share/clearpath_manipulators_description/package.sh'
[1.089s] INFO:colcon.colcon_core.shell:Creating package script '/home/jo/clearpath_ws/install/clearpath_manipulators_description/share/clearpath_manipulators_description/package.bash'
[1.089s] INFO:colcon.colcon_core.shell:Creating package script '/home/jo/clearpath_ws/install/clearpath_manipulators_description/share/clearpath_manipulators_description/package.zsh'
[1.090s] Level 1:colcon.colcon_core.environment:create_file_with_runtime_dependencies(/home/jo/clearpath_ws/install/clearpath_manipulators_description/share/colcon-core/packages/clearpath_manipulators_description)
[1.090s] INFO:colcon.colcon_ros.task.ament_cmake.build:Building ROS package in '/home/jo/clearpath_ws/src/clearpath_common/clearpath_manipulators' with build type 'ament_cmake'
[1.090s] INFO:colcon.colcon_cmake.task.cmake.build:Building CMake package in '/home/jo/clearpath_ws/src/clearpath_common/clearpath_manipulators'
[1.090s] INFO:colcon.colcon_core.shell:Skip shell extension 'powershell' for command environment: Not usable outside of PowerShell
[1.090s] DEBUG:colcon.colcon_core.shell:Skip shell extension 'dsv' for command environment
[1.097s] Level 1:colcon.colcon_core.environment:create_environment_scripts_only(clearpath_sensors_description)
[1.097s] Level 1:colcon.colcon_core.environment:checking '/home/jo/clearpath_ws/install/clearpath_sensors_description' for CMake module files
[1.098s] DEBUG:colcon.colcon_core.event_handler.log_command:Invoked command in '/home/jo/clearpath_ws/build/clearpath_sensors_description' returned '0': CMAKE_PREFIX_PATH=${CMAKE_PREFIX_PATH}:/opt/ros/humble /usr/bin/cmake --install /home/jo/clearpath_ws/build/clearpath_sensors_description
[1.098s] Level 1:colcon.colcon_core.environment:checking '/home/jo/clearpath_ws/install/clearpath_sensors_description' for CMake config files
[1.098s] Level 1:colcon.colcon_core.shell:create_environment_hook('clearpath_sensors_description', 'cmake_prefix_path')
[1.098s] INFO:colcon.colcon_core.shell:Creating environment hook '/home/jo/clearpath_ws/install/clearpath_sensors_description/share/clearpath_sensors_description/hook/cmake_prefix_path.ps1'
[1.099s] INFO:colcon.colcon_core.shell:Creating environment descriptor '/home/jo/clearpath_ws/install/clearpath_sensors_description/share/clearpath_sensors_description/hook/cmake_prefix_path.dsv'
[1.099s] INFO:colcon.colcon_core.shell:Creating environment hook '/home/jo/clearpath_ws/install/clearpath_sensors_description/share/clearpath_sensors_description/hook/cmake_prefix_path.sh'
[1.099s] Level 1:colcon.colcon_core.environment:checking '/home/jo/clearpath_ws/install/clearpath_sensors_description/bin'
[1.099s] Level 1:colcon.colcon_core.environment:checking '/home/jo/clearpath_ws/install/clearpath_sensors_description/lib/pkgconfig/clearpath_sensors_description.pc'
[1.100s] Level 1:colcon.colcon_core.environment:checking '/home/jo/clearpath_ws/install/clearpath_sensors_description/lib/python3.10/site-packages'
[1.100s] Level 1:colcon.colcon_core.environment:checking '/home/jo/clearpath_ws/install/clearpath_sensors_description/bin'
[1.100s] INFO:colcon.colcon_core.shell:Creating package script '/home/jo/clearpath_ws/install/clearpath_sensors_description/share/clearpath_sensors_description/package.ps1'
[1.100s] INFO:colcon.colcon_core.shell:Creating package descriptor '/home/jo/clearpath_ws/install/clearpath_sensors_description/share/clearpath_sensors_description/package.dsv'
[1.100s] INFO:colcon.colcon_core.shell:Creating package script '/home/jo/clearpath_ws/install/clearpath_sensors_description/share/clearpath_sensors_description/package.sh'
[1.101s] INFO:colcon.colcon_core.shell:Creating package script '/home/jo/clearpath_ws/install/clearpath_sensors_description/share/clearpath_sensors_description/package.bash'
[1.101s] INFO:colcon.colcon_core.shell:Creating package script '/home/jo/clearpath_ws/install/clearpath_sensors_description/share/clearpath_sensors_description/package.zsh'
[1.101s] Level 1:colcon.colcon_core.environment:create_file_with_runtime_dependencies(/home/jo/clearpath_ws/install/clearpath_sensors_description/share/colcon-core/packages/clearpath_sensors_description)
[1.102s] Level 1:colcon.colcon_core.environment:create_environment_scripts_only(clearpath_sensors_description)
[1.102s] Level 1:colcon.colcon_core.environment:checking '/home/jo/clearpath_ws/install/clearpath_sensors_description' for CMake module files
[1.102s] Level 1:colcon.colcon_core.environment:checking '/home/jo/clearpath_ws/install/clearpath_sensors_description' for CMake config files
[1.102s] Level 1:colcon.colcon_core.shell:create_environment_hook('clearpath_sensors_description', 'cmake_prefix_path')
[1.102s] INFO:colcon.colcon_core.shell:Creating environment hook '/home/jo/clearpath_ws/install/clearpath_sensors_description/share/clearpath_sensors_description/hook/cmake_prefix_path.ps1'
[1.103s] INFO:colcon.colcon_core.shell:Creating environment descriptor '/home/jo/clearpath_ws/install/clearpath_sensors_description/share/clearpath_sensors_description/hook/cmake_prefix_path.dsv'
[1.103s] INFO:colcon.colcon_core.shell:Creating environment hook '/home/jo/clearpath_ws/install/clearpath_sensors_description/share/clearpath_sensors_description/hook/cmake_prefix_path.sh'
[1.103s] Level 1:colcon.colcon_core.environment:checking '/home/jo/clearpath_ws/install/clearpath_sensors_description/bin'
[1.103s] Level 1:colcon.colcon_core.environment:checking '/home/jo/clearpath_ws/install/clearpath_sensors_description/lib/pkgconfig/clearpath_sensors_description.pc'
[1.103s] Level 1:colcon.colcon_core.environment:checking '/home/jo/clearpath_ws/install/clearpath_sensors_description/lib/python3.10/site-packages'
[1.104s] Level 1:colcon.colcon_core.environment:checking '/home/jo/clearpath_ws/install/clearpath_sensors_description/bin'
[1.104s] INFO:colcon.colcon_core.shell:Creating package script '/home/jo/clearpath_ws/install/clearpath_sensors_description/share/clearpath_sensors_description/package.ps1'
[1.104s] INFO:colcon.colcon_core.shell:Creating package descriptor '/home/jo/clearpath_ws/install/clearpath_sensors_description/share/clearpath_sensors_description/package.dsv'
[1.104s] INFO:colcon.colcon_core.shell:Creating package script '/home/jo/clearpath_ws/install/clearpath_sensors_description/share/clearpath_sensors_description/package.sh'
[1.105s] INFO:colcon.colcon_core.shell:Creating package script '/home/jo/clearpath_ws/install/clearpath_sensors_description/share/clearpath_sensors_description/package.bash'
[1.105s] INFO:colcon.colcon_core.shell:Creating package script '/home/jo/clearpath_ws/install/clearpath_sensors_description/share/clearpath_sensors_description/package.zsh'
[1.105s] Level 1:colcon.colcon_core.environment:create_file_with_runtime_dependencies(/home/jo/clearpath_ws/install/clearpath_sensors_description/share/colcon-core/packages/clearpath_sensors_description)
[1.107s] DEBUG:colcon.colcon_core.event_handler.log_command:Invoked command in '/home/jo/clearpath_ws/build/clearpath_mounts_description' returned '0': CMAKE_PREFIX_PATH=${CMAKE_PREFIX_PATH}:/opt/ros/humble /usr/bin/cmake --build /home/jo/clearpath_ws/build/clearpath_mounts_description -- -j20 -l20
[1.107s] DEBUG:colcon.colcon_core.event_handler.log_command:Invoking command in '/home/jo/clearpath_ws/build/clearpath_mounts_description': CMAKE_PREFIX_PATH=${CMAKE_PREFIX_PATH}:/opt/ros/humble /usr/bin/cmake --install /home/jo/clearpath_ws/build/clearpath_mounts_description
[1.108s] DEBUG:colcon.colcon_core.event_handler.log_command:Invoked command in '/home/jo/clearpath_ws/build/clearpath_platform_description' returned '0': CMAKE_PREFIX_PATH=${CMAKE_PREFIX_PATH}:/opt/ros/humble /usr/bin/cmake --build /home/jo/clearpath_ws/build/clearpath_platform_description -- -j20 -l20
[1.110s] DEBUG:colcon.colcon_core.event_handler.log_command:Invoking command in '/home/jo/clearpath_ws/build/clearpath_platform_description': CMAKE_PREFIX_PATH=${CMAKE_PREFIX_PATH}:/opt/ros/humble /usr/bin/cmake --install /home/jo/clearpath_ws/build/clearpath_platform_description
[1.111s] DEBUG:colcon.colcon_core.event_handler.log_command:Invoking command in '/home/jo/clearpath_ws/build/clearpath_manipulators': AMENT_PREFIX_PATH=/home/jo/clearpath_ws/install/clearpath_manipulators_description:${AMENT_PREFIX_PATH} CMAKE_PREFIX_PATH=/home/jo/clearpath_ws/install/clearpath_manipulators_description:/home/jo/TRG-planner-main/install/trg_planner_ros:/home/jo/myrobot_ws/install/go2_nav_pkg:/home/jo/ugv_husky_ws/install/ugv_nav4d_ros2:/home/jo/ugv_husky_ws/install/lidarslam:/home/jo/ugv_husky_ws/install/scanmatcher:/home/jo/ugv_husky_ws/install/graph_based_slam:/home/jo/ugv_husky_ws/install/ndt_omp_ros2:/home/jo/ugv_husky_ws/install/lidarslam_msgs:/home/jo/ugv_husky_ws/install/husky_ugv_nav4d_pkg:/home/jo/myrobot_ws/install/my_robot_pkg:/home/jo/myrobot_ws/install/go2_description:/home/jo/myrobot_ws/install/go2_config:/home/jo/myrobot_ws/install/champ_teleop:/home/jo/myrobot_ws/install/champ_navigation:/home/jo/myrobot_ws/install/champ_gazebo:/home/jo/myrobot_ws/install/champ_bringup:/home/jo/myrobot_ws/install/champ_base:/home/jo/myrobot_ws/install/champ_msgs:/home/jo/myrobot_ws/install/champ_description:/home/jo/myrobot_ws/install/champ_config:/home/jo/myrobot_ws/install/champ:/home/jo/ros2_ws/install/zed_ros2:/home/jo/ros2_ws/install/zed_robot_integration:/home/jo/ros2_ws/install/zed_ipc:/home/jo/ros2_ws/install/zed_multi_camera:/home/jo/ros2_ws/install/zed_isaac_ros_april_tag:/home/jo/ros2_ws/install/zed_display_rviz2:/home/jo/ros2_ws/install/zed_depth_to_laserscan:/home/jo/ros2_ws/install/zed_wrapper:/home/jo/ros2_ws/install/zed_tutorial_video:/home/jo/ros2_ws/install/zed_tutorial_pos_tracking:/home/jo/ros2_ws/install/zed_tutorial_depth:/home/jo/ros2_ws/install/zed_topic_benchmark:/home/jo/ros2_ws/install/zed_topic_benchmark_component:/home/jo/ros2_ws/install/zed_topic_benchmark_interfaces:/home/jo/ros2_ws/install/zed_rgb_convert:/home/jo/ros2_ws/install/zed_isaac_ros_nitros_sub:/home/jo/ros2_ws/install/zed_aruco_localization:/home/jo/ros2_ws/install/zed_components:/home/jo/ros2_ws/install/rviz_plugin_zed_od:/opt/ros/humble /usr/bin/cmake /home/jo/clearpath_ws/src/clearpath_common/clearpath_manipulators -DCMAKE_INSTALL_PREFIX=/home/jo/clearpath_ws/install/clearpath_manipulators
[1.119s] Level 1:colcon.colcon_core.environment:create_environment_scripts_only(clearpath_mounts_description)
[1.119s] Level 1:colcon.colcon_core.environment:checking '/home/jo/clearpath_ws/install/clearpath_mounts_description' for CMake module files
[1.120s] DEBUG:colcon.colcon_core.event_handler.log_command:Invoked command in '/home/jo/clearpath_ws/build/clearpath_mounts_description' returned '0': CMAKE_PREFIX_PATH=${CMAKE_PREFIX_PATH}:/opt/ros/humble /usr/bin/cmake --install /home/jo/clearpath_ws/build/clearpath_mounts_description
[1.122s] Level 1:colcon.colcon_core.environment:checking '/home/jo/clearpath_ws/install/clearpath_mounts_description' for CMake config files
[1.123s] Level 1:colcon.colcon_core.shell:create_environment_hook('clearpath_mounts_description', 'cmake_prefix_path')
[1.124s] INFO:colcon.colcon_core.shell:Creating environment hook '/home/jo/clearpath_ws/install/clearpath_mounts_description/share/clearpath_mounts_description/hook/cmake_prefix_path.ps1'
[1.124s] INFO:colcon.colcon_core.shell:Creating environment descriptor '/home/jo/clearpath_ws/install/clearpath_mounts_description/share/clearpath_mounts_description/hook/cmake_prefix_path.dsv'
[1.125s] INFO:colcon.colcon_core.shell:Creating environment hook '/home/jo/clearpath_ws/install/clearpath_mounts_description/share/clearpath_mounts_description/hook/cmake_prefix_path.sh'
[1.126s] Level 1:colcon.colcon_core.environment:checking '/home/jo/clearpath_ws/install/clearpath_mounts_description/bin'
[1.126s] Level 1:colcon.colcon_core.environment:checking '/home/jo/clearpath_ws/install/clearpath_mounts_description/lib/pkgconfig/clearpath_mounts_description.pc'
[1.126s] Level 1:colcon.colcon_core.environment:checking '/home/jo/clearpath_ws/install/clearpath_mounts_description/lib/python3.10/site-packages'
[1.126s] Level 1:colcon.colcon_core.environment:checking '/home/jo/clearpath_ws/install/clearpath_mounts_description/bin'
[1.127s] INFO:colcon.colcon_core.shell:Creating package script '/home/jo/clearpath_ws/install/clearpath_mounts_description/share/clearpath_mounts_description/package.ps1'
[1.127s] INFO:colcon.colcon_core.shell:Creating package descriptor '/home/jo/clearpath_ws/install/clearpath_mounts_description/share/clearpath_mounts_description/package.dsv'
[1.128s] INFO:colcon.colcon_core.shell:Creating package script '/home/jo/clearpath_ws/install/clearpath_mounts_description/share/clearpath_mounts_description/package.sh'
[1.129s] INFO:colcon.colcon_core.shell:Creating package script '/home/jo/clearpath_ws/install/clearpath_mounts_description/share/clearpath_mounts_description/package.bash'
[1.129s] INFO:colcon.colcon_core.shell:Creating package script '/home/jo/clearpath_ws/install/clearpath_mounts_description/share/clearpath_mounts_description/package.zsh'
[1.130s] Level 1:colcon.colcon_core.environment:create_file_with_runtime_dependencies(/home/jo/clearpath_ws/install/clearpath_mounts_description/share/colcon-core/packages/clearpath_mounts_description)
[1.131s] Level 1:colcon.colcon_core.environment:create_environment_scripts_only(clearpath_mounts_description)
[1.131s] Level 1:colcon.colcon_core.environment:checking '/home/jo/clearpath_ws/install/clearpath_mounts_description' for CMake module files
[1.132s] Level 1:colcon.colcon_core.environment:checking '/home/jo/clearpath_ws/install/clearpath_mounts_description' for CMake config files
[1.132s] Level 1:colcon.colcon_core.shell:create_environment_hook('clearpath_mounts_description', 'cmake_prefix_path')
[1.132s] INFO:colcon.colcon_core.shell:Creating environment hook '/home/jo/clearpath_ws/install/clearpath_mounts_description/share/clearpath_mounts_description/hook/cmake_prefix_path.ps1'
[1.133s] INFO:colcon.colcon_core.shell:Creating environment descriptor '/home/jo/clearpath_ws/install/clearpath_mounts_description/share/clearpath_mounts_description/hook/cmake_prefix_path.dsv'
[1.133s] INFO:colcon.colcon_core.shell:Creating environment hook '/home/jo/clearpath_ws/install/clearpath_mounts_description/share/clearpath_mounts_description/hook/cmake_prefix_path.sh'
[1.134s] Level 1:colcon.colcon_core.environment:checking '/home/jo/clearpath_ws/install/clearpath_mounts_description/bin'
[1.134s] Level 1:colcon.colcon_core.environment:checking '/home/jo/clearpath_ws/install/clearpath_mounts_description/lib/pkgconfig/clearpath_mounts_description.pc'
[1.134s] Level 1:colcon.colcon_core.environment:checking '/home/jo/clearpath_ws/install/clearpath_mounts_description/lib/python3.10/site-packages'
[1.134s] Level 1:colcon.colcon_core.environment:checking '/home/jo/clearpath_ws/install/clearpath_mounts_description/bin'
[1.135s] INFO:colcon.colcon_core.shell:Creating package script '/home/jo/clearpath_ws/install/clearpath_mounts_description/share/clearpath_mounts_description/package.ps1'
[1.135s] INFO:colcon.colcon_core.shell:Creating package descriptor '/home/jo/clearpath_ws/install/clearpath_mounts_description/share/clearpath_mounts_description/package.dsv'
[1.136s] INFO:colcon.colcon_core.shell:Creating package script '/home/jo/clearpath_ws/install/clearpath_mounts_description/share/clearpath_mounts_description/package.sh'
[1.136s] INFO:colcon.colcon_core.shell:Creating package script '/home/jo/clearpath_ws/install/clearpath_mounts_description/share/clearpath_mounts_description/package.bash'
[1.137s] INFO:colcon.colcon_core.shell:Creating package script '/home/jo/clearpath_ws/install/clearpath_mounts_description/share/clearpath_mounts_description/package.zsh'
[1.137s] Level 1:colcon.colcon_core.environment:create_file_with_runtime_dependencies(/home/jo/clearpath_ws/install/clearpath_mounts_description/share/colcon-core/packages/clearpath_mounts_description)
[1.162s] Level 1:colcon.colcon_core.environment:create_environment_scripts_only(clearpath_platform_description)
[1.162s] DEBUG:colcon.colcon_core.event_handler.log_command:Invoked command in '/home/jo/clearpath_ws/build/clearpath_platform_description' returned '0': CMAKE_PREFIX_PATH=${CMAKE_PREFIX_PATH}:/opt/ros/humble /usr/bin/cmake --install /home/jo/clearpath_ws/build/clearpath_platform_description
[1.162s] Level 1:colcon.colcon_core.environment:checking '/home/jo/clearpath_ws/install/clearpath_platform_description' for CMake module files
[1.163s] Level 1:colcon.colcon_core.environment:checking '/home/jo/clearpath_ws/install/clearpath_platform_description' for CMake config files
[1.164s] Level 1:colcon.colcon_core.shell:create_environment_hook('clearpath_platform_description', 'cmake_prefix_path')
[1.164s] INFO:colcon.colcon_core.shell:Creating environment hook '/home/jo/clearpath_ws/install/clearpath_platform_description/share/clearpath_platform_description/hook/cmake_prefix_path.ps1'
[1.164s] INFO:colcon.colcon_core.shell:Creating environment descriptor '/home/jo/clearpath_ws/install/clearpath_platform_description/share/clearpath_platform_description/hook/cmake_prefix_path.dsv'
[1.165s] INFO:colcon.colcon_core.shell:Creating environment hook '/home/jo/clearpath_ws/install/clearpath_platform_description/share/clearpath_platform_description/hook/cmake_prefix_path.sh'
[1.165s] Level 1:colcon.colcon_core.environment:checking '/home/jo/clearpath_ws/install/clearpath_platform_description/bin'
[1.165s] Level 1:colcon.colcon_core.environment:checking '/home/jo/clearpath_ws/install/clearpath_platform_description/lib/pkgconfig/clearpath_platform_description.pc'
[1.166s] Level 1:colcon.colcon_core.environment:checking '/home/jo/clearpath_ws/install/clearpath_platform_description/lib/python3.10/site-packages'
[1.166s] Level 1:colcon.colcon_core.environment:checking '/home/jo/clearpath_ws/install/clearpath_platform_description/bin'
[1.166s] INFO:colcon.colcon_core.shell:Creating package script '/home/jo/clearpath_ws/install/clearpath_platform_description/share/clearpath_platform_description/package.ps1'
[1.167s] INFO:colcon.colcon_core.shell:Creating package descriptor '/home/jo/clearpath_ws/install/clearpath_platform_description/share/clearpath_platform_description/package.dsv'
[1.167s] INFO:colcon.colcon_core.shell:Creating package script '/home/jo/clearpath_ws/install/clearpath_platform_description/share/clearpath_platform_description/package.sh'
[1.168s] INFO:colcon.colcon_core.shell:Creating package script '/home/jo/clearpath_ws/install/clearpath_platform_description/share/clearpath_platform_description/package.bash'
[1.168s] INFO:colcon.colcon_core.shell:Creating package script '/home/jo/clearpath_ws/install/clearpath_platform_description/share/clearpath_platform_description/package.zsh'
[1.168s] Level 1:colcon.colcon_core.environment:create_file_with_runtime_dependencies(/home/jo/clearpath_ws/install/clearpath_platform_description/share/colcon-core/packages/clearpath_platform_description)
[1.169s] Level 1:colcon.colcon_core.environment:create_environment_scripts_only(clearpath_platform_description)
[1.169s] Level 1:colcon.colcon_core.environment:checking '/home/jo/clearpath_ws/install/clearpath_platform_description' for CMake module files
[1.170s] Level 1:colcon.colcon_core.environment:checking '/home/jo/clearpath_ws/install/clearpath_platform_description' for CMake config files
[1.170s] Level 1:colcon.colcon_core.shell:create_environment_hook('clearpath_platform_description', 'cmake_prefix_path')
[1.170s] INFO:colcon.colcon_core.shell:Creating environment hook '/home/jo/clearpath_ws/install/clearpath_platform_description/share/clearpath_platform_description/hook/cmake_prefix_path.ps1'
[1.171s] INFO:colcon.colcon_core.shell:Creating environment descriptor '/home/jo/clearpath_ws/install/clearpath_platform_description/share/clearpath_platform_description/hook/cmake_prefix_path.dsv'
[1.171s] INFO:colcon.colcon_core.shell:Creating environment hook '/home/jo/clearpath_ws/install/clearpath_platform_description/share/clearpath_platform_description/hook/cmake_prefix_path.sh'
[1.172s] Level 1:colcon.colcon_core.environment:checking '/home/jo/clearpath_ws/install/clearpath_platform_description/bin'
[1.172s] Level 1:colcon.colcon_core.environment:checking '/home/jo/clearpath_ws/install/clearpath_platform_description/lib/pkgconfig/clearpath_platform_description.pc'
[1.172s] Level 1:colcon.colcon_core.environment:checking '/home/jo/clearpath_ws/install/clearpath_platform_description/lib/python3.10/site-packages'
[1.172s] Level 1:colcon.colcon_core.environment:checking '/home/jo/clearpath_ws/install/clearpath_platform_description/bin'
[1.173s] INFO:colcon.colcon_core.shell:Creating package script '/home/jo/clearpath_ws/install/clearpath_platform_description/share/clearpath_platform_description/package.ps1'
[1.173s] INFO:colcon.colcon_core.shell:Creating package descriptor '/home/jo/clearpath_ws/install/clearpath_platform_description/share/clearpath_platform_description/package.dsv'
[1.174s] INFO:colcon.colcon_core.shell:Creating package script '/home/jo/clearpath_ws/install/clearpath_platform_description/share/clearpath_platform_description/package.sh'
[1.174s] INFO:colcon.colcon_core.shell:Creating package script '/home/jo/clearpath_ws/install/clearpath_platform_description/share/clearpath_platform_description/package.bash'
[1.175s] INFO:colcon.colcon_core.shell:Creating package script '/home/jo/clearpath_ws/install/clearpath_platform_description/share/clearpath_platform_description/package.zsh'
[1.175s] Level 1:colcon.colcon_core.environment:create_file_with_runtime_dependencies(/home/jo/clearpath_ws/install/clearpath_platform_description/share/colcon-core/packages/clearpath_platform_description)
[1.175s] INFO:colcon.colcon_ros.task.ament_cmake.build:Building ROS package in '/home/jo/clearpath_ws/src/clearpath_common/clearpath_description' with build type 'ament_cmake'
[1.176s] INFO:colcon.colcon_cmake.task.cmake.build:Building CMake package in '/home/jo/clearpath_ws/src/clearpath_common/clearpath_description'
[1.176s] INFO:colcon.colcon_core.shell:Skip shell extension 'powershell' for command environment: Not usable outside of PowerShell
[1.176s] DEBUG:colcon.colcon_core.shell:Skip shell extension 'dsv' for command environment
[1.191s] DEBUG:colcon.colcon_core.event_handler.log_command:Invoking command in '/home/jo/clearpath_ws/build/clearpath_description': AMENT_PREFIX_PATH=/home/jo/clearpath_ws/install/clearpath_sensors_description:/home/jo/clearpath_ws/install/clearpath_platform_description:/home/jo/clearpath_ws/install/clearpath_mounts_description:/home/jo/clearpath_ws/install/clearpath_manipulators_description:${AMENT_PREFIX_PATH} CMAKE_PREFIX_PATH=/home/jo/clearpath_ws/install/clearpath_sensors_description:/home/jo/clearpath_ws/install/clearpath_platform_description:/home/jo/clearpath_ws/install/clearpath_mounts_description:/home/jo/clearpath_ws/install/clearpath_manipulators_description:/home/jo/TRG-planner-main/install/trg_planner_ros:/home/jo/myrobot_ws/install/go2_nav_pkg:/home/jo/ugv_husky_ws/install/ugv_nav4d_ros2:/home/jo/ugv_husky_ws/install/lidarslam:/home/jo/ugv_husky_ws/install/scanmatcher:/home/jo/ugv_husky_ws/install/graph_based_slam:/home/jo/ugv_husky_ws/install/ndt_omp_ros2:/home/jo/ugv_husky_ws/install/lidarslam_msgs:/home/jo/ugv_husky_ws/install/husky_ugv_nav4d_pkg:/home/jo/myrobot_ws/install/my_robot_pkg:/home/jo/myrobot_ws/install/go2_description:/home/jo/myrobot_ws/install/go2_config:/home/jo/myrobot_ws/install/champ_teleop:/home/jo/myrobot_ws/install/champ_navigation:/home/jo/myrobot_ws/install/champ_gazebo:/home/jo/myrobot_ws/install/champ_bringup:/home/jo/myrobot_ws/install/champ_base:/home/jo/myrobot_ws/install/champ_msgs:/home/jo/myrobot_ws/install/champ_description:/home/jo/myrobot_ws/install/champ_config:/home/jo/myrobot_ws/install/champ:/home/jo/ros2_ws/install/zed_ros2:/home/jo/ros2_ws/install/zed_robot_integration:/home/jo/ros2_ws/install/zed_ipc:/home/jo/ros2_ws/install/zed_multi_camera:/home/jo/ros2_ws/install/zed_isaac_ros_april_tag:/home/jo/ros2_ws/install/zed_display_rviz2:/home/jo/ros2_ws/install/zed_depth_to_laserscan:/home/jo/ros2_ws/install/zed_wrapper:/home/jo/ros2_ws/install/zed_tutorial_video:/home/jo/ros2_ws/install/zed_tutorial_pos_tracking:/home/jo/ros2_ws/install/zed_tutorial_depth:/home/jo/ros2_ws/install/zed_topic_benchmark:/home/jo/ros2_ws/install/zed_topic_benchmark_component:/home/jo/ros2_ws/install/zed_topic_benchmark_interfaces:/home/jo/ros2_ws/install/zed_rgb_convert:/home/jo/ros2_ws/install/zed_isaac_ros_nitros_sub:/home/jo/ros2_ws/install/zed_aruco_localization:/home/jo/ros2_ws/install/zed_components:/home/jo/ros2_ws/install/rviz_plugin_zed_od:/opt/ros/humble /usr/bin/cmake /home/jo/clearpath_ws/src/clearpath_common/clearpath_description -DCMAKE_INSTALL_PREFIX=/home/jo/clearpath_ws/install/clearpath_description
[1.208s] DEBUG:colcon.colcon_core.event_handler.log_command:Invoked command in '/home/jo/clearpath_ws/build/clearpath_control' returned '0': CMAKE_PREFIX_PATH=${CMAKE_PREFIX_PATH}:/opt/ros/humble /usr/bin/cmake /home/jo/clearpath_ws/src/clearpath_common/clearpath_control -DCMAKE_INSTALL_PREFIX=/home/jo/clearpath_ws/install/clearpath_control
[1.209s] DEBUG:colcon.colcon_core.event_handler.log_command:Invoking command in '/home/jo/clearpath_ws/build/clearpath_control': CMAKE_PREFIX_PATH=${CMAKE_PREFIX_PATH}:/opt/ros/humble /usr/bin/cmake --build /home/jo/clearpath_ws/build/clearpath_control -- -j20 -l20
[1.240s] DEBUG:colcon.colcon_core.event_handler.log_command:Invoked command in '/home/jo/clearpath_ws/build/clearpath_control' returned '0': CMAKE_PREFIX_PATH=${CMAKE_PREFIX_PATH}:/opt/ros/humble /usr/bin/cmake --build /home/jo/clearpath_ws/build/clearpath_control -- -j20 -l20
[1.241s] DEBUG:colcon.colcon_core.event_handler.log_command:Invoking command in '/home/jo/clearpath_ws/build/clearpath_control': CMAKE_PREFIX_PATH=${CMAKE_PREFIX_PATH}:/opt/ros/humble /usr/bin/cmake --install /home/jo/clearpath_ws/build/clearpath_control
[1.253s] Level 1:colcon.colcon_core.environment:create_environment_scripts_only(clearpath_control)
[1.253s] Level 1:colcon.colcon_core.environment:checking '/home/jo/clearpath_ws/install/clearpath_control' for CMake module files
[1.253s] DEBUG:colcon.colcon_core.event_handler.log_command:Invoked command in '/home/jo/clearpath_ws/build/clearpath_control' returned '0': CMAKE_PREFIX_PATH=${CMAKE_PREFIX_PATH}:/opt/ros/humble /usr/bin/cmake --install /home/jo/clearpath_ws/build/clearpath_control
[1.254s] Level 1:colcon.colcon_core.environment:checking '/home/jo/clearpath_ws/install/clearpath_control' for CMake config files
[1.254s] Level 1:colcon.colcon_core.shell:create_environment_hook('clearpath_control', 'cmake_prefix_path')
[1.254s] INFO:colcon.colcon_core.shell:Creating environment hook '/home/jo/clearpath_ws/install/clearpath_control/share/clearpath_control/hook/cmake_prefix_path.ps1'
[1.255s] INFO:colcon.colcon_core.shell:Creating environment descriptor '/home/jo/clearpath_ws/install/clearpath_control/share/clearpath_control/hook/cmake_prefix_path.dsv'
[1.255s] INFO:colcon.colcon_core.shell:Creating environment hook '/home/jo/clearpath_ws/install/clearpath_control/share/clearpath_control/hook/cmake_prefix_path.sh'
[1.256s] Level 1:colcon.colcon_core.environment:checking '/home/jo/clearpath_ws/install/clearpath_control/bin'
[1.256s] Level 1:colcon.colcon_core.environment:checking '/home/jo/clearpath_ws/install/clearpath_control/lib/pkgconfig/clearpath_control.pc'
[1.256s] Level 1:colcon.colcon_core.environment:checking '/home/jo/clearpath_ws/install/clearpath_control/lib/python3.10/site-packages'
[1.256s] Level 1:colcon.colcon_core.environment:checking '/home/jo/clearpath_ws/install/clearpath_control/bin'
[1.256s] INFO:colcon.colcon_core.shell:Creating package script '/home/jo/clearpath_ws/install/clearpath_control/share/clearpath_control/package.ps1'
[1.257s] INFO:colcon.colcon_core.shell:Creating package descriptor '/home/jo/clearpath_ws/install/clearpath_control/share/clearpath_control/package.dsv'
[1.257s] INFO:colcon.colcon_core.shell:Creating package script '/home/jo/clearpath_ws/install/clearpath_control/share/clearpath_control/package.sh'
[1.257s] INFO:colcon.colcon_core.shell:Creating package script '/home/jo/clearpath_ws/install/clearpath_control/share/clearpath_control/package.bash'
[1.258s] INFO:colcon.colcon_core.shell:Creating package script '/home/jo/clearpath_ws/install/clearpath_control/share/clearpath_control/package.zsh'
[1.258s] Level 1:colcon.colcon_core.environment:create_file_with_runtime_dependencies(/home/jo/clearpath_ws/install/clearpath_control/share/colcon-core/packages/clearpath_control)
[1.258s] Level 1:colcon.colcon_core.environment:create_environment_scripts_only(clearpath_control)
[1.258s] Level 1:colcon.colcon_core.environment:checking '/home/jo/clearpath_ws/install/clearpath_control' for CMake module files
[1.259s] Level 1:colcon.colcon_core.environment:checking '/home/jo/clearpath_ws/install/clearpath_control' for CMake config files
[1.259s] Level 1:colcon.colcon_core.shell:create_environment_hook('clearpath_control', 'cmake_prefix_path')
[1.259s] INFO:colcon.colcon_core.shell:Creating environment hook '/home/jo/clearpath_ws/install/clearpath_control/share/clearpath_control/hook/cmake_prefix_path.ps1'
[1.260s] INFO:colcon.colcon_core.shell:Creating environment descriptor '/home/jo/clearpath_ws/install/clearpath_control/share/clearpath_control/hook/cmake_prefix_path.dsv'
[1.260s] INFO:colcon.colcon_core.shell:Creating environment hook '/home/jo/clearpath_ws/install/clearpath_control/share/clearpath_control/hook/cmake_prefix_path.sh'
[1.260s] Level 1:colcon.colcon_core.environment:checking '/home/jo/clearpath_ws/install/clearpath_control/bin'
[1.260s] Level 1:colcon.colcon_core.environment:checking '/home/jo/clearpath_ws/install/clearpath_control/lib/pkgconfig/clearpath_control.pc'
[1.261s] Level 1:colcon.colcon_core.environment:checking '/home/jo/clearpath_ws/install/clearpath_control/lib/python3.10/site-packages'
[1.261s] Level 1:colcon.colcon_core.environment:checking '/home/jo/clearpath_ws/install/clearpath_control/bin'
[1.261s] INFO:colcon.colcon_core.shell:Creating package script '/home/jo/clearpath_ws/install/clearpath_control/share/clearpath_control/package.ps1'
[1.262s] INFO:colcon.colcon_core.shell:Creating package descriptor '/home/jo/clearpath_ws/install/clearpath_control/share/clearpath_control/package.dsv'
[1.262s] INFO:colcon.colcon_core.shell:Creating package script '/home/jo/clearpath_ws/install/clearpath_control/share/clearpath_control/package.sh'
[1.274s] INFO:colcon.colcon_core.shell:Creating package script '/home/jo/clearpath_ws/install/clearpath_control/share/clearpath_control/package.bash'
[1.276s] INFO:colcon.colcon_core.shell:Creating package script '/home/jo/clearpath_ws/install/clearpath_control/share/clearpath_control/package.zsh'
[1.276s] Level 1:colcon.colcon_core.environment:create_file_with_runtime_dependencies(/home/jo/clearpath_ws/install/clearpath_control/share/colcon-core/packages/clearpath_control)
[1.282s] DEBUG:colcon.colcon_core.event_handler.log_command:Invoked command in '/home/jo/clearpath_ws/build/clearpath_customization' returned '0': CMAKE_PREFIX_PATH=${CMAKE_PREFIX_PATH}:/opt/ros/humble /usr/bin/cmake /home/jo/clearpath_ws/src/clearpath_common/clearpath_customization -DCMAKE_INSTALL_PREFIX=/home/jo/clearpath_ws/install/clearpath_customization
[1.283s] DEBUG:colcon.colcon_core.event_handler.log_command:Invoking command in '/home/jo/clearpath_ws/build/clearpath_customization': CMAKE_PREFIX_PATH=${CMAKE_PREFIX_PATH}:/opt/ros/humble /usr/bin/cmake --build /home/jo/clearpath_ws/build/clearpath_customization -- -j20 -l20
[1.312s] DEBUG:colcon.colcon_core.event_handler.log_command:Invoked command in '/home/jo/clearpath_ws/build/clearpath_customization' returned '0': CMAKE_PREFIX_PATH=${CMAKE_PREFIX_PATH}:/opt/ros/humble /usr/bin/cmake --build /home/jo/clearpath_ws/build/clearpath_customization -- -j20 -l20
[1.314s] DEBUG:colcon.colcon_core.event_handler.log_command:Invoking command in '/home/jo/clearpath_ws/build/clearpath_customization': CMAKE_PREFIX_PATH=${CMAKE_PREFIX_PATH}:/opt/ros/humble /usr/bin/cmake --install /home/jo/clearpath_ws/build/clearpath_customization
[1.322s] Level 1:colcon.colcon_core.environment:create_environment_scripts_only(clearpath_customization)
[1.322s] Level 1:colcon.colcon_core.environment:checking '/home/jo/clearpath_ws/install/clearpath_customization' for CMake module files
[1.322s] DEBUG:colcon.colcon_core.event_handler.log_command:Invoked command in '/home/jo/clearpath_ws/build/clearpath_customization' returned '0': CMAKE_PREFIX_PATH=${CMAKE_PREFIX_PATH}:/opt/ros/humble /usr/bin/cmake --install /home/jo/clearpath_ws/build/clearpath_customization
[1.323s] Level 1:colcon.colcon_core.environment:checking '/home/jo/clearpath_ws/install/clearpath_customization' for CMake config files
[1.323s] Level 1:colcon.colcon_core.shell:create_environment_hook('clearpath_customization', 'cmake_prefix_path')
[1.323s] INFO:colcon.colcon_core.shell:Creating environment hook '/home/jo/clearpath_ws/install/clearpath_customization/share/clearpath_customization/hook/cmake_prefix_path.ps1'
[1.323s] INFO:colcon.colcon_core.shell:Creating environment descriptor '/home/jo/clearpath_ws/install/clearpath_customization/share/clearpath_customization/hook/cmake_prefix_path.dsv'
[1.324s] INFO:colcon.colcon_core.shell:Creating environment hook '/home/jo/clearpath_ws/install/clearpath_customization/share/clearpath_customization/hook/cmake_prefix_path.sh'
[1.324s] Level 1:colcon.colcon_core.environment:checking '/home/jo/clearpath_ws/install/clearpath_customization/lib'
[1.324s] Level 1:colcon.colcon_core.environment:checking '/home/jo/clearpath_ws/install/clearpath_customization/bin'
[1.324s] Level 1:colcon.colcon_core.environment:checking '/home/jo/clearpath_ws/install/clearpath_customization/lib/pkgconfig/clearpath_customization.pc'
[1.325s] Level 1:colcon.colcon_core.environment:checking '/home/jo/clearpath_ws/install/clearpath_customization/lib/python3.10/site-packages'
[1.325s] Level 1:colcon.colcon_core.environment:checking '/home/jo/clearpath_ws/install/clearpath_customization/bin'
[1.325s] INFO:colcon.colcon_core.shell:Creating package script '/home/jo/clearpath_ws/install/clearpath_customization/share/clearpath_customization/package.ps1'
[1.325s] INFO:colcon.colcon_core.shell:Creating package descriptor '/home/jo/clearpath_ws/install/clearpath_customization/share/clearpath_customization/package.dsv'
[1.326s] INFO:colcon.colcon_core.shell:Creating package script '/home/jo/clearpath_ws/install/clearpath_customization/share/clearpath_customization/package.sh'
[1.326s] INFO:colcon.colcon_core.shell:Creating package script '/home/jo/clearpath_ws/install/clearpath_customization/share/clearpath_customization/package.bash'
[1.326s] INFO:colcon.colcon_core.shell:Creating package script '/home/jo/clearpath_ws/install/clearpath_customization/share/clearpath_customization/package.zsh'
[1.326s] Level 1:colcon.colcon_core.environment:create_file_with_runtime_dependencies(/home/jo/clearpath_ws/install/clearpath_customization/share/colcon-core/packages/clearpath_customization)
[1.327s] Level 1:colcon.colcon_core.environment:create_environment_scripts_only(clearpath_customization)
[1.327s] Level 1:colcon.colcon_core.environment:checking '/home/jo/clearpath_ws/install/clearpath_customization' for CMake module files
[1.327s] Level 1:colcon.colcon_core.environment:checking '/home/jo/clearpath_ws/install/clearpath_customization' for CMake config files
[1.328s] Level 1:colcon.colcon_core.shell:create_environment_hook('clearpath_customization', 'cmake_prefix_path')
[1.328s] INFO:colcon.colcon_core.shell:Creating environment hook '/home/jo/clearpath_ws/install/clearpath_customization/share/clearpath_customization/hook/cmake_prefix_path.ps1'
[1.328s] INFO:colcon.colcon_core.shell:Creating environment descriptor '/home/jo/clearpath_ws/install/clearpath_customization/share/clearpath_customization/hook/cmake_prefix_path.dsv'
[1.328s] INFO:colcon.colcon_core.shell:Creating environment hook '/home/jo/clearpath_ws/install/clearpath_customization/share/clearpath_customization/hook/cmake_prefix_path.sh'
[1.329s] Level 1:colcon.colcon_core.environment:checking '/home/jo/clearpath_ws/install/clearpath_customization/lib'
[1.329s] Level 1:colcon.colcon_core.environment:checking '/home/jo/clearpath_ws/install/clearpath_customization/bin'
[1.329s] Level 1:colcon.colcon_core.environment:checking '/home/jo/clearpath_ws/install/clearpath_customization/lib/pkgconfig/clearpath_customization.pc'
[1.329s] Level 1:colcon.colcon_core.environment:checking '/home/jo/clearpath_ws/install/clearpath_customization/lib/python3.10/site-packages'
[1.329s] Level 1:colcon.colcon_core.environment:checking '/home/jo/clearpath_ws/install/clearpath_customization/bin'
[1.329s] INFO:colcon.colcon_core.shell:Creating package script '/home/jo/clearpath_ws/install/clearpath_customization/share/clearpath_customization/package.ps1'
[1.330s] INFO:colcon.colcon_core.shell:Creating package descriptor '/home/jo/clearpath_ws/install/clearpath_customization/share/clearpath_customization/package.dsv'
[1.330s] INFO:colcon.colcon_core.shell:Creating package script '/home/jo/clearpath_ws/install/clearpath_customization/share/clearpath_customization/package.sh'
[1.331s] INFO:colcon.colcon_core.shell:Creating package script '/home/jo/clearpath_ws/install/clearpath_customization/share/clearpath_customization/package.bash'
[1.331s] INFO:colcon.colcon_core.shell:Creating package script '/home/jo/clearpath_ws/install/clearpath_customization/share/clearpath_customization/package.zsh'
[1.331s] Level 1:colcon.colcon_core.environment:create_file_with_runtime_dependencies(/home/jo/clearpath_ws/install/clearpath_customization/share/colcon-core/packages/clearpath_customization)
[1.381s] Level 1:colcon.colcon_core.environment:checking '/home/jo/clearpath_ws/install/clearpath_config' for CMake module files
[1.381s] DEBUG:colcon.colcon_core.event_handler.log_command:Invoked command in '/home/jo/clearpath_ws/src/clearpath_config' returned '0': PYTHONPATH=/home/jo/clearpath_ws/build/clearpath_config/prefix_override:/usr/lib/python3/dist-packages/colcon_core/task/python/colcon_distutils_commands:/home/jo/clearpath_ws/install/clearpath_config/lib/python3.10/site-packages:${PYTHONPATH} /usr/bin/python3 -W ignore:setup.py install is deprecated -W ignore:easy_install command is deprecated setup.py egg_info --egg-base ../../build/clearpath_config build --build-base /home/jo/clearpath_ws/build/clearpath_config/build install --record /home/jo/clearpath_ws/build/clearpath_config/install.log --single-version-externally-managed install_data
[1.381s] Level 1:colcon.colcon_core.environment:checking '/home/jo/clearpath_ws/install/clearpath_config' for CMake config files
[1.382s] Level 1:colcon.colcon_core.environment:checking '/home/jo/clearpath_ws/install/clearpath_config/lib'
[1.382s] Level 1:colcon.colcon_core.environment:checking '/home/jo/clearpath_ws/install/clearpath_config/bin'
[1.382s] Level 1:colcon.colcon_core.environment:checking '/home/jo/clearpath_ws/install/clearpath_config/lib/pkgconfig/clearpath_config.pc'
[1.382s] Level 1:colcon.colcon_core.environment:checking '/home/jo/clearpath_ws/install/clearpath_config/lib/python3.10/site-packages'
[1.382s] Level 1:colcon.colcon_core.shell:create_environment_hook('clearpath_config', 'pythonpath')
[1.383s] INFO:colcon.colcon_core.shell:Creating environment hook '/home/jo/clearpath_ws/install/clearpath_config/share/clearpath_config/hook/pythonpath.ps1'
[1.383s] INFO:colcon.colcon_core.shell:Creating environment descriptor '/home/jo/clearpath_ws/install/clearpath_config/share/clearpath_config/hook/pythonpath.dsv'
[1.383s] INFO:colcon.colcon_core.shell:Creating environment hook '/home/jo/clearpath_ws/install/clearpath_config/share/clearpath_config/hook/pythonpath.sh'
[1.384s] Level 1:colcon.colcon_core.environment:checking '/home/jo/clearpath_ws/install/clearpath_config/bin'
[1.384s] Level 1:colcon.colcon_core.environment:create_environment_scripts_only(clearpath_config)
[1.384s] INFO:colcon.colcon_core.shell:Creating package script '/home/jo/clearpath_ws/install/clearpath_config/share/clearpath_config/package.ps1'
[1.384s] INFO:colcon.colcon_core.shell:Creating package descriptor '/home/jo/clearpath_ws/install/clearpath_config/share/clearpath_config/package.dsv'
[1.384s] INFO:colcon.colcon_core.shell:Creating package script '/home/jo/clearpath_ws/install/clearpath_config/share/clearpath_config/package.sh'
[1.385s] INFO:colcon.colcon_core.shell:Creating package script '/home/jo/clearpath_ws/install/clearpath_config/share/clearpath_config/package.bash'
[1.385s] INFO:colcon.colcon_core.shell:Creating package script '/home/jo/clearpath_ws/install/clearpath_config/share/clearpath_config/package.zsh'
[1.385s] Level 1:colcon.colcon_core.environment:create_file_with_runtime_dependencies(/home/jo/clearpath_ws/install/clearpath_config/share/colcon-core/packages/clearpath_config)
[1.828s] DEBUG:colcon.colcon_core.event_handler.log_command:Invoked command in '/home/jo/clearpath_ws/build/clearpath_manipulators' returned '0': AMENT_PREFIX_PATH=/home/jo/clearpath_ws/install/clearpath_manipulators_description:${AMENT_PREFIX_PATH} CMAKE_PREFIX_PATH=/home/jo/clearpath_ws/install/clearpath_manipulators_description:/home/jo/TRG-planner-main/install/trg_planner_ros:/home/jo/myrobot_ws/install/go2_nav_pkg:/home/jo/ugv_husky_ws/install/ugv_nav4d_ros2:/home/jo/ugv_husky_ws/install/lidarslam:/home/jo/ugv_husky_ws/install/scanmatcher:/home/jo/ugv_husky_ws/install/graph_based_slam:/home/jo/ugv_husky_ws/install/ndt_omp_ros2:/home/jo/ugv_husky_ws/install/lidarslam_msgs:/home/jo/ugv_husky_ws/install/husky_ugv_nav4d_pkg:/home/jo/myrobot_ws/install/my_robot_pkg:/home/jo/myrobot_ws/install/go2_description:/home/jo/myrobot_ws/install/go2_config:/home/jo/myrobot_ws/install/champ_teleop:/home/jo/myrobot_ws/install/champ_navigation:/home/jo/myrobot_ws/install/champ_gazebo:/home/jo/myrobot_ws/install/champ_bringup:/home/jo/myrobot_ws/install/champ_base:/home/jo/myrobot_ws/install/champ_msgs:/home/jo/myrobot_ws/install/champ_description:/home/jo/myrobot_ws/install/champ_config:/home/jo/myrobot_ws/install/champ:/home/jo/ros2_ws/install/zed_ros2:/home/jo/ros2_ws/install/zed_robot_integration:/home/jo/ros2_ws/install/zed_ipc:/home/jo/ros2_ws/install/zed_multi_camera:/home/jo/ros2_ws/install/zed_isaac_ros_april_tag:/home/jo/ros2_ws/install/zed_display_rviz2:/home/jo/ros2_ws/install/zed_depth_to_laserscan:/home/jo/ros2_ws/install/zed_wrapper:/home/jo/ros2_ws/install/zed_tutorial_video:/home/jo/ros2_ws/install/zed_tutorial_pos_tracking:/home/jo/ros2_ws/install/zed_tutorial_depth:/home/jo/ros2_ws/install/zed_topic_benchmark:/home/jo/ros2_ws/install/zed_topic_benchmark_component:/home/jo/ros2_ws/install/zed_topic_benchmark_interfaces:/home/jo/ros2_ws/install/zed_rgb_convert:/home/jo/ros2_ws/install/zed_isaac_ros_nitros_sub:/home/jo/ros2_ws/install/zed_aruco_localization:/home/jo/ros2_ws/install/zed_components:/home/jo/ros2_ws/install/rviz_plugin_zed_od:/opt/ros/humble /usr/bin/cmake /home/jo/clearpath_ws/src/clearpath_common/clearpath_manipulators -DCMAKE_INSTALL_PREFIX=/home/jo/clearpath_ws/install/clearpath_manipulators
[1.829s] DEBUG:colcon.colcon_core.event_handler.log_command:Invoking command in '/home/jo/clearpath_ws/build/clearpath_manipulators': AMENT_PREFIX_PATH=/home/jo/clearpath_ws/install/clearpath_manipulators_description:${AMENT_PREFIX_PATH} CMAKE_PREFIX_PATH=/home/jo/clearpath_ws/install/clearpath_manipulators_description:/home/jo/TRG-planner-main/install/trg_planner_ros:/home/jo/myrobot_ws/install/go2_nav_pkg:/home/jo/ugv_husky_ws/install/ugv_nav4d_ros2:/home/jo/ugv_husky_ws/install/lidarslam:/home/jo/ugv_husky_ws/install/scanmatcher:/home/jo/ugv_husky_ws/install/graph_based_slam:/home/jo/ugv_husky_ws/install/ndt_omp_ros2:/home/jo/ugv_husky_ws/install/lidarslam_msgs:/home/jo/ugv_husky_ws/install/husky_ugv_nav4d_pkg:/home/jo/myrobot_ws/install/my_robot_pkg:/home/jo/myrobot_ws/install/go2_description:/home/jo/myrobot_ws/install/go2_config:/home/jo/myrobot_ws/install/champ_teleop:/home/jo/myrobot_ws/install/champ_navigation:/home/jo/myrobot_ws/install/champ_gazebo:/home/jo/myrobot_ws/install/champ_bringup:/home/jo/myrobot_ws/install/champ_base:/home/jo/myrobot_ws/install/champ_msgs:/home/jo/myrobot_ws/install/champ_description:/home/jo/myrobot_ws/install/champ_config:/home/jo/myrobot_ws/install/champ:/home/jo/ros2_ws/install/zed_ros2:/home/jo/ros2_ws/install/zed_robot_integration:/home/jo/ros2_ws/install/zed_ipc:/home/jo/ros2_ws/install/zed_multi_camera:/home/jo/ros2_ws/install/zed_isaac_ros_april_tag:/home/jo/ros2_ws/install/zed_display_rviz2:/home/jo/ros2_ws/install/zed_depth_to_laserscan:/home/jo/ros2_ws/install/zed_wrapper:/home/jo/ros2_ws/install/zed_tutorial_video:/home/jo/ros2_ws/install/zed_tutorial_pos_tracking:/home/jo/ros2_ws/install/zed_tutorial_depth:/home/jo/ros2_ws/install/zed_topic_benchmark:/home/jo/ros2_ws/install/zed_topic_benchmark_component:/home/jo/ros2_ws/install/zed_topic_benchmark_interfaces:/home/jo/ros2_ws/install/zed_rgb_convert:/home/jo/ros2_ws/install/zed_isaac_ros_nitros_sub:/home/jo/ros2_ws/install/zed_aruco_localization:/home/jo/ros2_ws/install/zed_components:/home/jo/ros2_ws/install/rviz_plugin_zed_od:/opt/ros/humble /usr/bin/cmake --build /home/jo/clearpath_ws/build/clearpath_manipulators -- -j20 -l20
[1.855s] DEBUG:colcon.colcon_core.event_handler.log_command:Invoked command in '/home/jo/clearpath_ws/build/clearpath_manipulators' returned '0': AMENT_PREFIX_PATH=/home/jo/clearpath_ws/install/clearpath_manipulators_description:${AMENT_PREFIX_PATH} CMAKE_PREFIX_PATH=/home/jo/clearpath_ws/install/clearpath_manipulators_description:/home/jo/TRG-planner-main/install/trg_planner_ros:/home/jo/myrobot_ws/install/go2_nav_pkg:/home/jo/ugv_husky_ws/install/ugv_nav4d_ros2:/home/jo/ugv_husky_ws/install/lidarslam:/home/jo/ugv_husky_ws/install/scanmatcher:/home/jo/ugv_husky_ws/install/graph_based_slam:/home/jo/ugv_husky_ws/install/ndt_omp_ros2:/home/jo/ugv_husky_ws/install/lidarslam_msgs:/home/jo/ugv_husky_ws/install/husky_ugv_nav4d_pkg:/home/jo/myrobot_ws/install/my_robot_pkg:/home/jo/myrobot_ws/install/go2_description:/home/jo/myrobot_ws/install/go2_config:/home/jo/myrobot_ws/install/champ_teleop:/home/jo/myrobot_ws/install/champ_navigation:/home/jo/myrobot_ws/install/champ_gazebo:/home/jo/myrobot_ws/install/champ_bringup:/home/jo/myrobot_ws/install/champ_base:/home/jo/myrobot_ws/install/champ_msgs:/home/jo/myrobot_ws/install/champ_description:/home/jo/myrobot_ws/install/champ_config:/home/jo/myrobot_ws/install/champ:/home/jo/ros2_ws/install/zed_ros2:/home/jo/ros2_ws/install/zed_robot_integration:/home/jo/ros2_ws/install/zed_ipc:/home/jo/ros2_ws/install/zed_multi_camera:/home/jo/ros2_ws/install/zed_isaac_ros_april_tag:/home/jo/ros2_ws/install/zed_display_rviz2:/home/jo/ros2_ws/install/zed_depth_to_laserscan:/home/jo/ros2_ws/install/zed_wrapper:/home/jo/ros2_ws/install/zed_tutorial_video:/home/jo/ros2_ws/install/zed_tutorial_pos_tracking:/home/jo/ros2_ws/install/zed_tutorial_depth:/home/jo/ros2_ws/install/zed_topic_benchmark:/home/jo/ros2_ws/install/zed_topic_benchmark_component:/home/jo/ros2_ws/install/zed_topic_benchmark_interfaces:/home/jo/ros2_ws/install/zed_rgb_convert:/home/jo/ros2_ws/install/zed_isaac_ros_nitros_sub:/home/jo/ros2_ws/install/zed_aruco_localization:/home/jo/ros2_ws/install/zed_components:/home/jo/ros2_ws/install/rviz_plugin_zed_od:/opt/ros/humble /usr/bin/cmake --build /home/jo/clearpath_ws/build/clearpath_manipulators -- -j20 -l20
[1.856s] DEBUG:colcon.colcon_core.event_handler.log_command:Invoking command in '/home/jo/clearpath_ws/build/clearpath_manipulators': AMENT_PREFIX_PATH=/home/jo/clearpath_ws/install/clearpath_manipulators_description:${AMENT_PREFIX_PATH} CMAKE_PREFIX_PATH=/home/jo/clearpath_ws/install/clearpath_manipulators_description:/home/jo/TRG-planner-main/install/trg_planner_ros:/home/jo/myrobot_ws/install/go2_nav_pkg:/home/jo/ugv_husky_ws/install/ugv_nav4d_ros2:/home/jo/ugv_husky_ws/install/lidarslam:/home/jo/ugv_husky_ws/install/scanmatcher:/home/jo/ugv_husky_ws/install/graph_based_slam:/home/jo/ugv_husky_ws/install/ndt_omp_ros2:/home/jo/ugv_husky_ws/install/lidarslam_msgs:/home/jo/ugv_husky_ws/install/husky_ugv_nav4d_pkg:/home/jo/myrobot_ws/install/my_robot_pkg:/home/jo/myrobot_ws/install/go2_description:/home/jo/myrobot_ws/install/go2_config:/home/jo/myrobot_ws/install/champ_teleop:/home/jo/myrobot_ws/install/champ_navigation:/home/jo/myrobot_ws/install/champ_gazebo:/home/jo/myrobot_ws/install/champ_bringup:/home/jo/myrobot_ws/install/champ_base:/home/jo/myrobot_ws/install/champ_msgs:/home/jo/myrobot_ws/install/champ_description:/home/jo/myrobot_ws/install/champ_config:/home/jo/myrobot_ws/install/champ:/home/jo/ros2_ws/install/zed_ros2:/home/jo/ros2_ws/install/zed_robot_integration:/home/jo/ros2_ws/install/zed_ipc:/home/jo/ros2_ws/install/zed_multi_camera:/home/jo/ros2_ws/install/zed_isaac_ros_april_tag:/home/jo/ros2_ws/install/zed_display_rviz2:/home/jo/ros2_ws/install/zed_depth_to_laserscan:/home/jo/ros2_ws/install/zed_wrapper:/home/jo/ros2_ws/install/zed_tutorial_video:/home/jo/ros2_ws/install/zed_tutorial_pos_tracking:/home/jo/ros2_ws/install/zed_tutorial_depth:/home/jo/ros2_ws/install/zed_topic_benchmark:/home/jo/ros2_ws/install/zed_topic_benchmark_component:/home/jo/ros2_ws/install/zed_topic_benchmark_interfaces:/home/jo/ros2_ws/install/zed_rgb_convert:/home/jo/ros2_ws/install/zed_isaac_ros_nitros_sub:/home/jo/ros2_ws/install/zed_aruco_localization:/home/jo/ros2_ws/install/zed_components:/home/jo/ros2_ws/install/rviz_plugin_zed_od:/opt/ros/humble /usr/bin/cmake --install /home/jo/clearpath_ws/build/clearpath_manipulators
[1.864s] Level 1:colcon.colcon_core.environment:create_environment_scripts_only(clearpath_manipulators)
[1.864s] Level 1:colcon.colcon_core.environment:checking '/home/jo/clearpath_ws/install/clearpath_manipulators' for CMake module files
[1.864s] DEBUG:colcon.colcon_core.event_handler.log_command:Invoked command in '/home/jo/clearpath_ws/build/clearpath_manipulators' returned '0': AMENT_PREFIX_PATH=/home/jo/clearpath_ws/install/clearpath_manipulators_description:${AMENT_PREFIX_PATH} CMAKE_PREFIX_PATH=/home/jo/clearpath_ws/install/clearpath_manipulators_description:/home/jo/TRG-planner-main/install/trg_planner_ros:/home/jo/myrobot_ws/install/go2_nav_pkg:/home/jo/ugv_husky_ws/install/ugv_nav4d_ros2:/home/jo/ugv_husky_ws/install/lidarslam:/home/jo/ugv_husky_ws/install/scanmatcher:/home/jo/ugv_husky_ws/install/graph_based_slam:/home/jo/ugv_husky_ws/install/ndt_omp_ros2:/home/jo/ugv_husky_ws/install/lidarslam_msgs:/home/jo/ugv_husky_ws/install/husky_ugv_nav4d_pkg:/home/jo/myrobot_ws/install/my_robot_pkg:/home/jo/myrobot_ws/install/go2_description:/home/jo/myrobot_ws/install/go2_config:/home/jo/myrobot_ws/install/champ_teleop:/home/jo/myrobot_ws/install/champ_navigation:/home/jo/myrobot_ws/install/champ_gazebo:/home/jo/myrobot_ws/install/champ_bringup:/home/jo/myrobot_ws/install/champ_base:/home/jo/myrobot_ws/install/champ_msgs:/home/jo/myrobot_ws/install/champ_description:/home/jo/myrobot_ws/install/champ_config:/home/jo/myrobot_ws/install/champ:/home/jo/ros2_ws/install/zed_ros2:/home/jo/ros2_ws/install/zed_robot_integration:/home/jo/ros2_ws/install/zed_ipc:/home/jo/ros2_ws/install/zed_multi_camera:/home/jo/ros2_ws/install/zed_isaac_ros_april_tag:/home/jo/ros2_ws/install/zed_display_rviz2:/home/jo/ros2_ws/install/zed_depth_to_laserscan:/home/jo/ros2_ws/install/zed_wrapper:/home/jo/ros2_ws/install/zed_tutorial_video:/home/jo/ros2_ws/install/zed_tutorial_pos_tracking:/home/jo/ros2_ws/install/zed_tutorial_depth:/home/jo/ros2_ws/install/zed_topic_benchmark:/home/jo/ros2_ws/install/zed_topic_benchmark_component:/home/jo/ros2_ws/install/zed_topic_benchmark_interfaces:/home/jo/ros2_ws/install/zed_rgb_convert:/home/jo/ros2_ws/install/zed_isaac_ros_nitros_sub:/home/jo/ros2_ws/install/zed_aruco_localization:/home/jo/ros2_ws/install/zed_components:/home/jo/ros2_ws/install/rviz_plugin_zed_od:/opt/ros/humble /usr/bin/cmake --install /home/jo/clearpath_ws/build/clearpath_manipulators
[1.865s] Level 1:colcon.colcon_core.environment:checking '/home/jo/clearpath_ws/install/clearpath_manipulators' for CMake config files
[1.865s] Level 1:colcon.colcon_core.shell:create_environment_hook('clearpath_manipulators', 'cmake_prefix_path')
[1.865s] INFO:colcon.colcon_core.shell:Creating environment hook '/home/jo/clearpath_ws/install/clearpath_manipulators/share/clearpath_manipulators/hook/cmake_prefix_path.ps1'
[1.865s] INFO:colcon.colcon_core.shell:Creating environment descriptor '/home/jo/clearpath_ws/install/clearpath_manipulators/share/clearpath_manipulators/hook/cmake_prefix_path.dsv'
[1.866s] INFO:colcon.colcon_core.shell:Creating environment hook '/home/jo/clearpath_ws/install/clearpath_manipulators/share/clearpath_manipulators/hook/cmake_prefix_path.sh'
[1.866s] Level 1:colcon.colcon_core.environment:checking '/home/jo/clearpath_ws/install/clearpath_manipulators/bin'
[1.866s] Level 1:colcon.colcon_core.environment:checking '/home/jo/clearpath_ws/install/clearpath_manipulators/lib/pkgconfig/clearpath_manipulators.pc'
[1.866s] Level 1:colcon.colcon_core.environment:checking '/home/jo/clearpath_ws/install/clearpath_manipulators/lib/python3.10/site-packages'
[1.866s] Level 1:colcon.colcon_core.environment:checking '/home/jo/clearpath_ws/install/clearpath_manipulators/bin'
[1.867s] INFO:colcon.colcon_core.shell:Creating package script '/home/jo/clearpath_ws/install/clearpath_manipulators/share/clearpath_manipulators/package.ps1'
[1.867s] INFO:colcon.colcon_core.shell:Creating package descriptor '/home/jo/clearpath_ws/install/clearpath_manipulators/share/clearpath_manipulators/package.dsv'
[1.867s] INFO:colcon.colcon_core.shell:Creating package script '/home/jo/clearpath_ws/install/clearpath_manipulators/share/clearpath_manipulators/package.sh'
[1.867s] INFO:colcon.colcon_core.shell:Creating package script '/home/jo/clearpath_ws/install/clearpath_manipulators/share/clearpath_manipulators/package.bash'
[1.868s] INFO:colcon.colcon_core.shell:Creating package script '/home/jo/clearpath_ws/install/clearpath_manipulators/share/clearpath_manipulators/package.zsh'
[1.868s] Level 1:colcon.colcon_core.environment:create_file_with_runtime_dependencies(/home/jo/clearpath_ws/install/clearpath_manipulators/share/colcon-core/packages/clearpath_manipulators)
[1.868s] Level 1:colcon.colcon_core.environment:create_environment_scripts_only(clearpath_manipulators)
[1.868s] Level 1:colcon.colcon_core.environment:checking '/home/jo/clearpath_ws/install/clearpath_manipulators' for CMake module files
[1.869s] Level 1:colcon.colcon_core.environment:checking '/home/jo/clearpath_ws/install/clearpath_manipulators' for CMake config files
[1.869s] Level 1:colcon.colcon_core.shell:create_environment_hook('clearpath_manipulators', 'cmake_prefix_path')
[1.869s] INFO:colcon.colcon_core.shell:Creating environment hook '/home/jo/clearpath_ws/install/clearpath_manipulators/share/clearpath_manipulators/hook/cmake_prefix_path.ps1'
[1.869s] INFO:colcon.colcon_core.shell:Creating environment descriptor '/home/jo/clearpath_ws/install/clearpath_manipulators/share/clearpath_manipulators/hook/cmake_prefix_path.dsv'
[1.869s] INFO:colcon.colcon_core.shell:Creating environment hook '/home/jo/clearpath_ws/install/clearpath_manipulators/share/clearpath_manipulators/hook/cmake_prefix_path.sh'
[1.870s] Level 1:colcon.colcon_core.environment:checking '/home/jo/clearpath_ws/install/clearpath_manipulators/bin'
[1.870s] Level 1:colcon.colcon_core.environment:checking '/home/jo/clearpath_ws/install/clearpath_manipulators/lib/pkgconfig/clearpath_manipulators.pc'
[1.870s] Level 1:colcon.colcon_core.environment:checking '/home/jo/clearpath_ws/install/clearpath_manipulators/lib/python3.10/site-packages'
[1.870s] Level 1:colcon.colcon_core.environment:checking '/home/jo/clearpath_ws/install/clearpath_manipulators/bin'
[1.870s] INFO:colcon.colcon_core.shell:Creating package script '/home/jo/clearpath_ws/install/clearpath_manipulators/share/clearpath_manipulators/package.ps1'
[1.871s] INFO:colcon.colcon_core.shell:Creating package descriptor '/home/jo/clearpath_ws/install/clearpath_manipulators/share/clearpath_manipulators/package.dsv'
[1.871s] INFO:colcon.colcon_core.shell:Creating package script '/home/jo/clearpath_ws/install/clearpath_manipulators/share/clearpath_manipulators/package.sh'
[1.871s] INFO:colcon.colcon_core.shell:Creating package script '/home/jo/clearpath_ws/install/clearpath_manipulators/share/clearpath_manipulators/package.bash'
[1.871s] INFO:colcon.colcon_core.shell:Creating package script '/home/jo/clearpath_ws/install/clearpath_manipulators/share/clearpath_manipulators/package.zsh'
[1.872s] Level 1:colcon.colcon_core.environment:create_file_with_runtime_dependencies(/home/jo/clearpath_ws/install/clearpath_manipulators/share/colcon-core/packages/clearpath_manipulators)
[1.904s] DEBUG:colcon.colcon_core.event_handler.log_command:Invoked command in '/home/jo/clearpath_ws/build/clearpath_description' returned '0': AMENT_PREFIX_PATH=/home/jo/clearpath_ws/install/clearpath_sensors_description:/home/jo/clearpath_ws/install/clearpath_platform_description:/home/jo/clearpath_ws/install/clearpath_mounts_description:/home/jo/clearpath_ws/install/clearpath_manipulators_description:${AMENT_PREFIX_PATH} CMAKE_PREFIX_PATH=/home/jo/clearpath_ws/install/clearpath_sensors_description:/home/jo/clearpath_ws/install/clearpath_platform_description:/home/jo/clearpath_ws/install/clearpath_mounts_description:/home/jo/clearpath_ws/install/clearpath_manipulators_description:/home/jo/TRG-planner-main/install/trg_planner_ros:/home/jo/myrobot_ws/install/go2_nav_pkg:/home/jo/ugv_husky_ws/install/ugv_nav4d_ros2:/home/jo/ugv_husky_ws/install/lidarslam:/home/jo/ugv_husky_ws/install/scanmatcher:/home/jo/ugv_husky_ws/install/graph_based_slam:/home/jo/ugv_husky_ws/install/ndt_omp_ros2:/home/jo/ugv_husky_ws/install/lidarslam_msgs:/home/jo/ugv_husky_ws/install/husky_ugv_nav4d_pkg:/home/jo/myrobot_ws/install/my_robot_pkg:/home/jo/myrobot_ws/install/go2_description:/home/jo/myrobot_ws/install/go2_config:/home/jo/myrobot_ws/install/champ_teleop:/home/jo/myrobot_ws/install/champ_navigation:/home/jo/myrobot_ws/install/champ_gazebo:/home/jo/myrobot_ws/install/champ_bringup:/home/jo/myrobot_ws/install/champ_base:/home/jo/myrobot_ws/install/champ_msgs:/home/jo/myrobot_ws/install/champ_description:/home/jo/myrobot_ws/install/champ_config:/home/jo/myrobot_ws/install/champ:/home/jo/ros2_ws/install/zed_ros2:/home/jo/ros2_ws/install/zed_robot_integration:/home/jo/ros2_ws/install/zed_ipc:/home/jo/ros2_ws/install/zed_multi_camera:/home/jo/ros2_ws/install/zed_isaac_ros_april_tag:/home/jo/ros2_ws/install/zed_display_rviz2:/home/jo/ros2_ws/install/zed_depth_to_laserscan:/home/jo/ros2_ws/install/zed_wrapper:/home/jo/ros2_ws/install/zed_tutorial_video:/home/jo/ros2_ws/install/zed_tutorial_pos_tracking:/home/jo/ros2_ws/install/zed_tutorial_depth:/home/jo/ros2_ws/install/zed_topic_benchmark:/home/jo/ros2_ws/install/zed_topic_benchmark_component:/home/jo/ros2_ws/install/zed_topic_benchmark_interfaces:/home/jo/ros2_ws/install/zed_rgb_convert:/home/jo/ros2_ws/install/zed_isaac_ros_nitros_sub:/home/jo/ros2_ws/install/zed_aruco_localization:/home/jo/ros2_ws/install/zed_components:/home/jo/ros2_ws/install/rviz_plugin_zed_od:/opt/ros/humble /usr/bin/cmake /home/jo/clearpath_ws/src/clearpath_common/clearpath_description -DCMAKE_INSTALL_PREFIX=/home/jo/clearpath_ws/install/clearpath_description
[1.905s] DEBUG:colcon.colcon_core.event_handler.log_command:Invoking command in '/home/jo/clearpath_ws/build/clearpath_description': AMENT_PREFIX_PATH=/home/jo/clearpath_ws/install/clearpath_sensors_description:/home/jo/clearpath_ws/install/clearpath_platform_description:/home/jo/clearpath_ws/install/clearpath_mounts_description:/home/jo/clearpath_ws/install/clearpath_manipulators_description:${AMENT_PREFIX_PATH} CMAKE_PREFIX_PATH=/home/jo/clearpath_ws/install/clearpath_sensors_description:/home/jo/clearpath_ws/install/clearpath_platform_description:/home/jo/clearpath_ws/install/clearpath_mounts_description:/home/jo/clearpath_ws/install/clearpath_manipulators_description:/home/jo/TRG-planner-main/install/trg_planner_ros:/home/jo/myrobot_ws/install/go2_nav_pkg:/home/jo/ugv_husky_ws/install/ugv_nav4d_ros2:/home/jo/ugv_husky_ws/install/lidarslam:/home/jo/ugv_husky_ws/install/scanmatcher:/home/jo/ugv_husky_ws/install/graph_based_slam:/home/jo/ugv_husky_ws/install/ndt_omp_ros2:/home/jo/ugv_husky_ws/install/lidarslam_msgs:/home/jo/ugv_husky_ws/install/husky_ugv_nav4d_pkg:/home/jo/myrobot_ws/install/my_robot_pkg:/home/jo/myrobot_ws/install/go2_description:/home/jo/myrobot_ws/install/go2_config:/home/jo/myrobot_ws/install/champ_teleop:/home/jo/myrobot_ws/install/champ_navigation:/home/jo/myrobot_ws/install/champ_gazebo:/home/jo/myrobot_ws/install/champ_bringup:/home/jo/myrobot_ws/install/champ_base:/home/jo/myrobot_ws/install/champ_msgs:/home/jo/myrobot_ws/install/champ_description:/home/jo/myrobot_ws/install/champ_config:/home/jo/myrobot_ws/install/champ:/home/jo/ros2_ws/install/zed_ros2:/home/jo/ros2_ws/install/zed_robot_integration:/home/jo/ros2_ws/install/zed_ipc:/home/jo/ros2_ws/install/zed_multi_camera:/home/jo/ros2_ws/install/zed_isaac_ros_april_tag:/home/jo/ros2_ws/install/zed_display_rviz2:/home/jo/ros2_ws/install/zed_depth_to_laserscan:/home/jo/ros2_ws/install/zed_wrapper:/home/jo/ros2_ws/install/zed_tutorial_video:/home/jo/ros2_ws/install/zed_tutorial_pos_tracking:/home/jo/ros2_ws/install/zed_tutorial_depth:/home/jo/ros2_ws/install/zed_topic_benchmark:/home/jo/ros2_ws/install/zed_topic_benchmark_component:/home/jo/ros2_ws/install/zed_topic_benchmark_interfaces:/home/jo/ros2_ws/install/zed_rgb_convert:/home/jo/ros2_ws/install/zed_isaac_ros_nitros_sub:/home/jo/ros2_ws/install/zed_aruco_localization:/home/jo/ros2_ws/install/zed_components:/home/jo/ros2_ws/install/rviz_plugin_zed_od:/opt/ros/humble /usr/bin/cmake --build /home/jo/clearpath_ws/build/clearpath_description -- -j20 -l20
[1.930s] DEBUG:colcon.colcon_core.event_handler.log_command:Invoked command in '/home/jo/clearpath_ws/build/clearpath_description' returned '0': AMENT_PREFIX_PATH=/home/jo/clearpath_ws/install/clearpath_sensors_description:/home/jo/clearpath_ws/install/clearpath_platform_description:/home/jo/clearpath_ws/install/clearpath_mounts_description:/home/jo/clearpath_ws/install/clearpath_manipulators_description:${AMENT_PREFIX_PATH} CMAKE_PREFIX_PATH=/home/jo/clearpath_ws/install/clearpath_sensors_description:/home/jo/clearpath_ws/install/clearpath_platform_description:/home/jo/clearpath_ws/install/clearpath_mounts_description:/home/jo/clearpath_ws/install/clearpath_manipulators_description:/home/jo/TRG-planner-main/install/trg_planner_ros:/home/jo/myrobot_ws/install/go2_nav_pkg:/home/jo/ugv_husky_ws/install/ugv_nav4d_ros2:/home/jo/ugv_husky_ws/install/lidarslam:/home/jo/ugv_husky_ws/install/scanmatcher:/home/jo/ugv_husky_ws/install/graph_based_slam:/home/jo/ugv_husky_ws/install/ndt_omp_ros2:/home/jo/ugv_husky_ws/install/lidarslam_msgs:/home/jo/ugv_husky_ws/install/husky_ugv_nav4d_pkg:/home/jo/myrobot_ws/install/my_robot_pkg:/home/jo/myrobot_ws/install/go2_description:/home/jo/myrobot_ws/install/go2_config:/home/jo/myrobot_ws/install/champ_teleop:/home/jo/myrobot_ws/install/champ_navigation:/home/jo/myrobot_ws/install/champ_gazebo:/home/jo/myrobot_ws/install/champ_bringup:/home/jo/myrobot_ws/install/champ_base:/home/jo/myrobot_ws/install/champ_msgs:/home/jo/myrobot_ws/install/champ_description:/home/jo/myrobot_ws/install/champ_config:/home/jo/myrobot_ws/install/champ:/home/jo/ros2_ws/install/zed_ros2:/home/jo/ros2_ws/install/zed_robot_integration:/home/jo/ros2_ws/install/zed_ipc:/home/jo/ros2_ws/install/zed_multi_camera:/home/jo/ros2_ws/install/zed_isaac_ros_april_tag:/home/jo/ros2_ws/install/zed_display_rviz2:/home/jo/ros2_ws/install/zed_depth_to_laserscan:/home/jo/ros2_ws/install/zed_wrapper:/home/jo/ros2_ws/install/zed_tutorial_video:/home/jo/ros2_ws/install/zed_tutorial_pos_tracking:/home/jo/ros2_ws/install/zed_tutorial_depth:/home/jo/ros2_ws/install/zed_topic_benchmark:/home/jo/ros2_ws/install/zed_topic_benchmark_component:/home/jo/ros2_ws/install/zed_topic_benchmark_interfaces:/home/jo/ros2_ws/install/zed_rgb_convert:/home/jo/ros2_ws/install/zed_isaac_ros_nitros_sub:/home/jo/ros2_ws/install/zed_aruco_localization:/home/jo/ros2_ws/install/zed_components:/home/jo/ros2_ws/install/rviz_plugin_zed_od:/opt/ros/humble /usr/bin/cmake --build /home/jo/clearpath_ws/build/clearpath_description -- -j20 -l20
[1.931s] DEBUG:colcon.colcon_core.event_handler.log_command:Invoking command in '/home/jo/clearpath_ws/build/clearpath_description': AMENT_PREFIX_PATH=/home/jo/clearpath_ws/install/clearpath_sensors_description:/home/jo/clearpath_ws/install/clearpath_platform_description:/home/jo/clearpath_ws/install/clearpath_mounts_description:/home/jo/clearpath_ws/install/clearpath_manipulators_description:${AMENT_PREFIX_PATH} CMAKE_PREFIX_PATH=/home/jo/clearpath_ws/install/clearpath_sensors_description:/home/jo/clearpath_ws/install/clearpath_platform_description:/home/jo/clearpath_ws/install/clearpath_mounts_description:/home/jo/clearpath_ws/install/clearpath_manipulators_description:/home/jo/TRG-planner-main/install/trg_planner_ros:/home/jo/myrobot_ws/install/go2_nav_pkg:/home/jo/ugv_husky_ws/install/ugv_nav4d_ros2:/home/jo/ugv_husky_ws/install/lidarslam:/home/jo/ugv_husky_ws/install/scanmatcher:/home/jo/ugv_husky_ws/install/graph_based_slam:/home/jo/ugv_husky_ws/install/ndt_omp_ros2:/home/jo/ugv_husky_ws/install/lidarslam_msgs:/home/jo/ugv_husky_ws/install/husky_ugv_nav4d_pkg:/home/jo/myrobot_ws/install/my_robot_pkg:/home/jo/myrobot_ws/install/go2_description:/home/jo/myrobot_ws/install/go2_config:/home/jo/myrobot_ws/install/champ_teleop:/home/jo/myrobot_ws/install/champ_navigation:/home/jo/myrobot_ws/install/champ_gazebo:/home/jo/myrobot_ws/install/champ_bringup:/home/jo/myrobot_ws/install/champ_base:/home/jo/myrobot_ws/install/champ_msgs:/home/jo/myrobot_ws/install/champ_description:/home/jo/myrobot_ws/install/champ_config:/home/jo/myrobot_ws/install/champ:/home/jo/ros2_ws/install/zed_ros2:/home/jo/ros2_ws/install/zed_robot_integration:/home/jo/ros2_ws/install/zed_ipc:/home/jo/ros2_ws/install/zed_multi_camera:/home/jo/ros2_ws/install/zed_isaac_ros_april_tag:/home/jo/ros2_ws/install/zed_display_rviz2:/home/jo/ros2_ws/install/zed_depth_to_laserscan:/home/jo/ros2_ws/install/zed_wrapper:/home/jo/ros2_ws/install/zed_tutorial_video:/home/jo/ros2_ws/install/zed_tutorial_pos_tracking:/home/jo/ros2_ws/install/zed_tutorial_depth:/home/jo/ros2_ws/install/zed_topic_benchmark:/home/jo/ros2_ws/install/zed_topic_benchmark_component:/home/jo/ros2_ws/install/zed_topic_benchmark_interfaces:/home/jo/ros2_ws/install/zed_rgb_convert:/home/jo/ros2_ws/install/zed_isaac_ros_nitros_sub:/home/jo/ros2_ws/install/zed_aruco_localization:/home/jo/ros2_ws/install/zed_components:/home/jo/ros2_ws/install/rviz_plugin_zed_od:/opt/ros/humble /usr/bin/cmake --install /home/jo/clearpath_ws/build/clearpath_description
[1.937s] Level 1:colcon.colcon_core.environment:create_environment_scripts_only(clearpath_description)
[1.938s] DEBUG:colcon.colcon_core.event_handler.log_command:Invoked command in '/home/jo/clearpath_ws/build/clearpath_description' returned '0': AMENT_PREFIX_PATH=/home/jo/clearpath_ws/install/clearpath_sensors_description:/home/jo/clearpath_ws/install/clearpath_platform_description:/home/jo/clearpath_ws/install/clearpath_mounts_description:/home/jo/clearpath_ws/install/clearpath_manipulators_description:${AMENT_PREFIX_PATH} CMAKE_PREFIX_PATH=/home/jo/clearpath_ws/install/clearpath_sensors_description:/home/jo/clearpath_ws/install/clearpath_platform_description:/home/jo/clearpath_ws/install/clearpath_mounts_description:/home/jo/clearpath_ws/install/clearpath_manipulators_description:/home/jo/TRG-planner-main/install/trg_planner_ros:/home/jo/myrobot_ws/install/go2_nav_pkg:/home/jo/ugv_husky_ws/install/ugv_nav4d_ros2:/home/jo/ugv_husky_ws/install/lidarslam:/home/jo/ugv_husky_ws/install/scanmatcher:/home/jo/ugv_husky_ws/install/graph_based_slam:/home/jo/ugv_husky_ws/install/ndt_omp_ros2:/home/jo/ugv_husky_ws/install/lidarslam_msgs:/home/jo/ugv_husky_ws/install/husky_ugv_nav4d_pkg:/home/jo/myrobot_ws/install/my_robot_pkg:/home/jo/myrobot_ws/install/go2_description:/home/jo/myrobot_ws/install/go2_config:/home/jo/myrobot_ws/install/champ_teleop:/home/jo/myrobot_ws/install/champ_navigation:/home/jo/myrobot_ws/install/champ_gazebo:/home/jo/myrobot_ws/install/champ_bringup:/home/jo/myrobot_ws/install/champ_base:/home/jo/myrobot_ws/install/champ_msgs:/home/jo/myrobot_ws/install/champ_description:/home/jo/myrobot_ws/install/champ_config:/home/jo/myrobot_ws/install/champ:/home/jo/ros2_ws/install/zed_ros2:/home/jo/ros2_ws/install/zed_robot_integration:/home/jo/ros2_ws/install/zed_ipc:/home/jo/ros2_ws/install/zed_multi_camera:/home/jo/ros2_ws/install/zed_isaac_ros_april_tag:/home/jo/ros2_ws/install/zed_display_rviz2:/home/jo/ros2_ws/install/zed_depth_to_laserscan:/home/jo/ros2_ws/install/zed_wrapper:/home/jo/ros2_ws/install/zed_tutorial_video:/home/jo/ros2_ws/install/zed_tutorial_pos_tracking:/home/jo/ros2_ws/install/zed_tutorial_depth:/home/jo/ros2_ws/install/zed_topic_benchmark:/home/jo/ros2_ws/install/zed_topic_benchmark_component:/home/jo/ros2_ws/install/zed_topic_benchmark_interfaces:/home/jo/ros2_ws/install/zed_rgb_convert:/home/jo/ros2_ws/install/zed_isaac_ros_nitros_sub:/home/jo/ros2_ws/install/zed_aruco_localization:/home/jo/ros2_ws/install/zed_components:/home/jo/ros2_ws/install/rviz_plugin_zed_od:/opt/ros/humble /usr/bin/cmake --install /home/jo/clearpath_ws/build/clearpath_description
[1.938s] Level 1:colcon.colcon_core.environment:checking '/home/jo/clearpath_ws/install/clearpath_description' for CMake module files
[1.938s] Level 1:colcon.colcon_core.environment:checking '/home/jo/clearpath_ws/install/clearpath_description' for CMake config files
[1.938s] Level 1:colcon.colcon_core.shell:create_environment_hook('clearpath_description', 'cmake_prefix_path')
[1.938s] INFO:colcon.colcon_core.shell:Creating environment hook '/home/jo/clearpath_ws/install/clearpath_description/share/clearpath_description/hook/cmake_prefix_path.ps1'
[1.939s] INFO:colcon.colcon_core.shell:Creating environment descriptor '/home/jo/clearpath_ws/install/clearpath_description/share/clearpath_description/hook/cmake_prefix_path.dsv'
[1.939s] INFO:colcon.colcon_core.shell:Creating environment hook '/home/jo/clearpath_ws/install/clearpath_description/share/clearpath_description/hook/cmake_prefix_path.sh'
[1.939s] Level 1:colcon.colcon_core.environment:checking '/home/jo/clearpath_ws/install/clearpath_description/bin'
[1.939s] Level 1:colcon.colcon_core.environment:checking '/home/jo/clearpath_ws/install/clearpath_description/lib/pkgconfig/clearpath_description.pc'
[1.940s] Level 1:colcon.colcon_core.environment:checking '/home/jo/clearpath_ws/install/clearpath_description/lib/python3.10/site-packages'
[1.940s] Level 1:colcon.colcon_core.environment:checking '/home/jo/clearpath_ws/install/clearpath_description/bin'
[1.940s] INFO:colcon.colcon_core.shell:Creating package script '/home/jo/clearpath_ws/install/clearpath_description/share/clearpath_description/package.ps1'
[1.940s] INFO:colcon.colcon_core.shell:Creating package descriptor '/home/jo/clearpath_ws/install/clearpath_description/share/clearpath_description/package.dsv'
[1.940s] INFO:colcon.colcon_core.shell:Creating package script '/home/jo/clearpath_ws/install/clearpath_description/share/clearpath_description/package.sh'
[1.941s] INFO:colcon.colcon_core.shell:Creating package script '/home/jo/clearpath_ws/install/clearpath_description/share/clearpath_description/package.bash'
[1.941s] INFO:colcon.colcon_core.shell:Creating package script '/home/jo/clearpath_ws/install/clearpath_description/share/clearpath_description/package.zsh'
[1.941s] Level 1:colcon.colcon_core.environment:create_file_with_runtime_dependencies(/home/jo/clearpath_ws/install/clearpath_description/share/colcon-core/packages/clearpath_description)
[1.942s] Level 1:colcon.colcon_core.environment:create_environment_scripts_only(clearpath_description)
[1.942s] Level 1:colcon.colcon_core.environment:checking '/home/jo/clearpath_ws/install/clearpath_description' for CMake module files
[1.942s] Level 1:colcon.colcon_core.environment:checking '/home/jo/clearpath_ws/install/clearpath_description' for CMake config files
[1.942s] Level 1:colcon.colcon_core.shell:create_environment_hook('clearpath_description', 'cmake_prefix_path')
[1.942s] INFO:colcon.colcon_core.shell:Creating environment hook '/home/jo/clearpath_ws/install/clearpath_description/share/clearpath_description/hook/cmake_prefix_path.ps1'
[1.943s] INFO:colcon.colcon_core.shell:Creating environment descriptor '/home/jo/clearpath_ws/install/clearpath_description/share/clearpath_description/hook/cmake_prefix_path.dsv'
[1.943s] INFO:colcon.colcon_core.shell:Creating environment hook '/home/jo/clearpath_ws/install/clearpath_description/share/clearpath_description/hook/cmake_prefix_path.sh'
[1.943s] Level 1:colcon.colcon_core.environment:checking '/home/jo/clearpath_ws/install/clearpath_description/bin'
[1.943s] Level 1:colcon.colcon_core.environment:checking '/home/jo/clearpath_ws/install/clearpath_description/lib/pkgconfig/clearpath_description.pc'
[1.943s] Level 1:colcon.colcon_core.environment:checking '/home/jo/clearpath_ws/install/clearpath_description/lib/python3.10/site-packages'
[1.944s] Level 1:colcon.colcon_core.environment:checking '/home/jo/clearpath_ws/install/clearpath_description/bin'
[1.944s] INFO:colcon.colcon_core.shell:Creating package script '/home/jo/clearpath_ws/install/clearpath_description/share/clearpath_description/package.ps1'
[1.944s] INFO:colcon.colcon_core.shell:Creating package descriptor '/home/jo/clearpath_ws/install/clearpath_description/share/clearpath_description/package.dsv'
[1.944s] INFO:colcon.colcon_core.shell:Creating package script '/home/jo/clearpath_ws/install/clearpath_description/share/clearpath_description/package.sh'
[1.945s] INFO:colcon.colcon_core.shell:Creating package script '/home/jo/clearpath_ws/install/clearpath_description/share/clearpath_description/package.bash'
[1.945s] INFO:colcon.colcon_core.shell:Creating package script '/home/jo/clearpath_ws/install/clearpath_description/share/clearpath_description/package.zsh'
[1.945s] Level 1:colcon.colcon_core.environment:create_file_with_runtime_dependencies(/home/jo/clearpath_ws/install/clearpath_description/share/colcon-core/packages/clearpath_description)
[1.946s] INFO:colcon.colcon_ros.task.ament_cmake.build:Building ROS package in '/home/jo/clearpath_ws/src/clearpath_common/clearpath_generator_common' with build type 'ament_cmake'
[1.946s] INFO:colcon.colcon_cmake.task.cmake.build:Building CMake package in '/home/jo/clearpath_ws/src/clearpath_common/clearpath_generator_common'
[1.946s] INFO:colcon.colcon_core.shell:Skip shell extension 'powershell' for command environment: Not usable outside of PowerShell
[1.946s] DEBUG:colcon.colcon_core.shell:Skip shell extension 'dsv' for command environment
[1.959s] DEBUG:colcon.colcon_core.event_handler.log_command:Invoking command in '/home/jo/clearpath_ws/build/clearpath_generator_common': AMENT_PREFIX_PATH=/home/jo/clearpath_ws/install/clearpath_manipulators:/home/jo/clearpath_ws/install/clearpath_description:/home/jo/clearpath_ws/install/clearpath_sensors_description:/home/jo/clearpath_ws/install/clearpath_platform_description:/home/jo/clearpath_ws/install/clearpath_mounts_description:/home/jo/clearpath_ws/install/clearpath_manipulators_description:/home/jo/clearpath_ws/install/clearpath_control:/home/jo/clearpath_ws/install/clearpath_config:${AMENT_PREFIX_PATH} CMAKE_PREFIX_PATH=/home/jo/clearpath_ws/install/clearpath_manipulators:/home/jo/clearpath_ws/install/clearpath_description:/home/jo/clearpath_ws/install/clearpath_sensors_description:/home/jo/clearpath_ws/install/clearpath_platform_description:/home/jo/clearpath_ws/install/clearpath_mounts_description:/home/jo/clearpath_ws/install/clearpath_manipulators_description:/home/jo/clearpath_ws/install/clearpath_control:/home/jo/TRG-planner-main/install/trg_planner_ros:/home/jo/myrobot_ws/install/go2_nav_pkg:/home/jo/ugv_husky_ws/install/ugv_nav4d_ros2:/home/jo/ugv_husky_ws/install/lidarslam:/home/jo/ugv_husky_ws/install/scanmatcher:/home/jo/ugv_husky_ws/install/graph_based_slam:/home/jo/ugv_husky_ws/install/ndt_omp_ros2:/home/jo/ugv_husky_ws/install/lidarslam_msgs:/home/jo/ugv_husky_ws/install/husky_ugv_nav4d_pkg:/home/jo/myrobot_ws/install/my_robot_pkg:/home/jo/myrobot_ws/install/go2_description:/home/jo/myrobot_ws/install/go2_config:/home/jo/myrobot_ws/install/champ_teleop:/home/jo/myrobot_ws/install/champ_navigation:/home/jo/myrobot_ws/install/champ_gazebo:/home/jo/myrobot_ws/install/champ_bringup:/home/jo/myrobot_ws/install/champ_base:/home/jo/myrobot_ws/install/champ_msgs:/home/jo/myrobot_ws/install/champ_description:/home/jo/myrobot_ws/install/champ_config:/home/jo/myrobot_ws/install/champ:/home/jo/ros2_ws/install/zed_ros2:/home/jo/ros2_ws/install/zed_robot_integration:/home/jo/ros2_ws/install/zed_ipc:/home/jo/ros2_ws/install/zed_multi_camera:/home/jo/ros2_ws/install/zed_isaac_ros_april_tag:/home/jo/ros2_ws/install/zed_display_rviz2:/home/jo/ros2_ws/install/zed_depth_to_laserscan:/home/jo/ros2_ws/install/zed_wrapper:/home/jo/ros2_ws/install/zed_tutorial_video:/home/jo/ros2_ws/install/zed_tutorial_pos_tracking:/home/jo/ros2_ws/install/zed_tutorial_depth:/home/jo/ros2_ws/install/zed_topic_benchmark:/home/jo/ros2_ws/install/zed_topic_benchmark_component:/home/jo/ros2_ws/install/zed_topic_benchmark_interfaces:/home/jo/ros2_ws/install/zed_rgb_convert:/home/jo/ros2_ws/install/zed_isaac_ros_nitros_sub:/home/jo/ros2_ws/install/zed_aruco_localization:/home/jo/ros2_ws/install/zed_components:/home/jo/ros2_ws/install/rviz_plugin_zed_od:/opt/ros/humble PYTHONPATH=/home/jo/clearpath_ws/install/clearpath_config/lib/python3.10/site-packages:${PYTHONPATH} /usr/bin/cmake /home/jo/clearpath_ws/src/clearpath_common/clearpath_generator_common -DCMAKE_INSTALL_PREFIX=/home/jo/clearpath_ws/install/clearpath_generator_common
[2.191s] DEBUG:colcon.colcon_core.event_handler.log_command:Invoked command in '/home/jo/clearpath_ws/build/clearpath_platform_msgs' returned '0': CMAKE_PREFIX_PATH=${CMAKE_PREFIX_PATH}:/opt/ros/humble /usr/bin/cmake /home/jo/clearpath_ws/src/clearpath_msgs/clearpath_platform_msgs -DCMAKE_INSTALL_PREFIX=/home/jo/clearpath_ws/install/clearpath_platform_msgs
[2.192s] DEBUG:colcon.colcon_core.event_handler.log_command:Invoking command in '/home/jo/clearpath_ws/build/clearpath_platform_msgs': CMAKE_PREFIX_PATH=${CMAKE_PREFIX_PATH}:/opt/ros/humble /usr/bin/cmake --build /home/jo/clearpath_ws/build/clearpath_platform_msgs -- -j20 -l20
[2.204s] DEBUG:colcon.colcon_core.event_handler.log_command:Invoked command in '/home/jo/clearpath_ws/build/clearpath_motor_msgs' returned '0': CMAKE_PREFIX_PATH=${CMAKE_PREFIX_PATH}:/opt/ros/humble /usr/bin/cmake /home/jo/clearpath_ws/src/clearpath_msgs/clearpath_motor_msgs -DCMAKE_INSTALL_PREFIX=/home/jo/clearpath_ws/install/clearpath_motor_msgs
[2.204s] DEBUG:colcon.colcon_core.event_handler.log_command:Invoking command in '/home/jo/clearpath_ws/build/clearpath_motor_msgs': CMAKE_PREFIX_PATH=${CMAKE_PREFIX_PATH}:/opt/ros/humble /usr/bin/cmake --build /home/jo/clearpath_ws/build/clearpath_motor_msgs -- -j20 -l20
[5.114s] DEBUG:colcon.colcon_core.event_handler.log_command:Invoked command in '/home/jo/clearpath_ws/build/clearpath_motor_msgs' returned '0': CMAKE_PREFIX_PATH=${CMAKE_PREFIX_PATH}:/opt/ros/humble /usr/bin/cmake --build /home/jo/clearpath_ws/build/clearpath_motor_msgs -- -j20 -l20
[5.114s] DEBUG:colcon.colcon_core.event_handler.log_command:Invoking command in '/home/jo/clearpath_ws/build/clearpath_motor_msgs': CMAKE_PREFIX_PATH=${CMAKE_PREFIX_PATH}:/opt/ros/humble /usr/bin/cmake --install /home/jo/clearpath_ws/build/clearpath_motor_msgs
[5.265s] Level 1:colcon.colcon_core.environment:create_environment_scripts_only(clearpath_motor_msgs)
[5.266s] Level 1:colcon.colcon_core.environment:checking '/home/jo/clearpath_ws/install/clearpath_motor_msgs' for CMake module files
[5.267s] Level 1:colcon.colcon_core.environment:checking '/home/jo/clearpath_ws/install/clearpath_motor_msgs' for CMake config files
[5.267s] Level 1:colcon.colcon_core.shell:create_environment_hook('clearpath_motor_msgs', 'cmake_prefix_path')
[5.268s] INFO:colcon.colcon_core.shell:Creating environment hook '/home/jo/clearpath_ws/install/clearpath_motor_msgs/share/clearpath_motor_msgs/hook/cmake_prefix_path.ps1'
[5.268s] INFO:colcon.colcon_core.shell:Creating environment descriptor '/home/jo/clearpath_ws/install/clearpath_motor_msgs/share/clearpath_motor_msgs/hook/cmake_prefix_path.dsv'
[5.269s] INFO:colcon.colcon_core.shell:Creating environment hook '/home/jo/clearpath_ws/install/clearpath_motor_msgs/share/clearpath_motor_msgs/hook/cmake_prefix_path.sh'
[5.270s] Level 1:colcon.colcon_core.environment:checking '/home/jo/clearpath_ws/install/clearpath_motor_msgs/lib'
[5.270s] Level 1:colcon.colcon_core.shell:create_environment_hook('clearpath_motor_msgs', 'ld_library_path_lib')
[5.270s] INFO:colcon.colcon_core.shell:Creating environment hook '/home/jo/clearpath_ws/install/clearpath_motor_msgs/share/clearpath_motor_msgs/hook/ld_library_path_lib.ps1'
[5.271s] INFO:colcon.colcon_core.shell:Creating environment descriptor '/home/jo/clearpath_ws/install/clearpath_motor_msgs/share/clearpath_motor_msgs/hook/ld_library_path_lib.dsv'
[5.271s] INFO:colcon.colcon_core.shell:Creating environment hook '/home/jo/clearpath_ws/install/clearpath_motor_msgs/share/clearpath_motor_msgs/hook/ld_library_path_lib.sh'
[5.271s] Level 1:colcon.colcon_core.environment:checking '/home/jo/clearpath_ws/install/clearpath_motor_msgs/bin'
[5.272s] Level 1:colcon.colcon_core.environment:checking '/home/jo/clearpath_ws/install/clearpath_motor_msgs/lib/pkgconfig/clearpath_motor_msgs.pc'
[5.272s] Level 1:colcon.colcon_core.environment:checking '/home/jo/clearpath_ws/install/clearpath_motor_msgs/lib/python3.10/site-packages'
[5.272s] Level 1:colcon.colcon_core.environment:checking '/home/jo/clearpath_ws/install/clearpath_motor_msgs/bin'
[5.273s] INFO:colcon.colcon_core.shell:Creating package script '/home/jo/clearpath_ws/install/clearpath_motor_msgs/share/clearpath_motor_msgs/package.ps1'
[5.274s] INFO:colcon.colcon_core.shell:Creating package descriptor '/home/jo/clearpath_ws/install/clearpath_motor_msgs/share/clearpath_motor_msgs/package.dsv'
[5.274s] INFO:colcon.colcon_core.shell:Creating package script '/home/jo/clearpath_ws/install/clearpath_motor_msgs/share/clearpath_motor_msgs/package.sh'
[5.275s] INFO:colcon.colcon_core.shell:Creating package script '/home/jo/clearpath_ws/install/clearpath_motor_msgs/share/clearpath_motor_msgs/package.bash'
[5.275s] INFO:colcon.colcon_core.shell:Creating package script '/home/jo/clearpath_ws/install/clearpath_motor_msgs/share/clearpath_motor_msgs/package.zsh'
[5.276s] Level 1:colcon.colcon_core.environment:create_file_with_runtime_dependencies(/home/jo/clearpath_ws/install/clearpath_motor_msgs/share/colcon-core/packages/clearpath_motor_msgs)
[5.277s] Level 1:colcon.colcon_core.environment:create_environment_scripts_only(clearpath_motor_msgs)
[5.277s] Level 1:colcon.colcon_core.environment:checking '/home/jo/clearpath_ws/install/clearpath_motor_msgs' for CMake module files
[5.278s] Level 1:colcon.colcon_core.environment:checking '/home/jo/clearpath_ws/install/clearpath_motor_msgs' for CMake config files
[5.279s] Level 1:colcon.colcon_core.shell:create_environment_hook('clearpath_motor_msgs', 'cmake_prefix_path')
[5.279s] INFO:colcon.colcon_core.shell:Creating environment hook '/home/jo/clearpath_ws/install/clearpath_motor_msgs/share/clearpath_motor_msgs/hook/cmake_prefix_path.ps1'
[5.280s] INFO:colcon.colcon_core.shell:Creating environment descriptor '/home/jo/clearpath_ws/install/clearpath_motor_msgs/share/clearpath_motor_msgs/hook/cmake_prefix_path.dsv'
[5.281s] DEBUG:colcon.colcon_core.event_handler.log_command:Invoked command in '/home/jo/clearpath_ws/build/clearpath_motor_msgs' returned '0': CMAKE_PREFIX_PATH=${CMAKE_PREFIX_PATH}:/opt/ros/humble /usr/bin/cmake --install /home/jo/clearpath_ws/build/clearpath_motor_msgs
[5.297s] INFO:colcon.colcon_core.shell:Creating environment hook '/home/jo/clearpath_ws/install/clearpath_motor_msgs/share/clearpath_motor_msgs/hook/cmake_prefix_path.sh'
[5.298s] Level 1:colcon.colcon_core.environment:checking '/home/jo/clearpath_ws/install/clearpath_motor_msgs/lib'
[5.298s] Level 1:colcon.colcon_core.shell:create_environment_hook('clearpath_motor_msgs', 'ld_library_path_lib')
[5.299s] INFO:colcon.colcon_core.shell:Creating environment hook '/home/jo/clearpath_ws/install/clearpath_motor_msgs/share/clearpath_motor_msgs/hook/ld_library_path_lib.ps1'
[5.299s] INFO:colcon.colcon_core.shell:Creating environment descriptor '/home/jo/clearpath_ws/install/clearpath_motor_msgs/share/clearpath_motor_msgs/hook/ld_library_path_lib.dsv'
[5.300s] INFO:colcon.colcon_core.shell:Creating environment hook '/home/jo/clearpath_ws/install/clearpath_motor_msgs/share/clearpath_motor_msgs/hook/ld_library_path_lib.sh'
[5.300s] Level 1:colcon.colcon_core.environment:checking '/home/jo/clearpath_ws/install/clearpath_motor_msgs/bin'
[5.300s] Level 1:colcon.colcon_core.environment:checking '/home/jo/clearpath_ws/install/clearpath_motor_msgs/lib/pkgconfig/clearpath_motor_msgs.pc'
[5.301s] Level 1:colcon.colcon_core.environment:checking '/home/jo/clearpath_ws/install/clearpath_motor_msgs/lib/python3.10/site-packages'
[5.301s] Level 1:colcon.colcon_core.environment:checking '/home/jo/clearpath_ws/install/clearpath_motor_msgs/bin'
[5.301s] INFO:colcon.colcon_core.shell:Creating package script '/home/jo/clearpath_ws/install/clearpath_motor_msgs/share/clearpath_motor_msgs/package.ps1'
[5.302s] INFO:colcon.colcon_core.shell:Creating package descriptor '/home/jo/clearpath_ws/install/clearpath_motor_msgs/share/clearpath_motor_msgs/package.dsv'
[5.303s] INFO:colcon.colcon_core.shell:Creating package script '/home/jo/clearpath_ws/install/clearpath_motor_msgs/share/clearpath_motor_msgs/package.sh'
[5.303s] INFO:colcon.colcon_core.shell:Creating package script '/home/jo/clearpath_ws/install/clearpath_motor_msgs/share/clearpath_motor_msgs/package.bash'
[5.304s] INFO:colcon.colcon_core.shell:Creating package script '/home/jo/clearpath_ws/install/clearpath_motor_msgs/share/clearpath_motor_msgs/package.zsh'
[5.304s] Level 1:colcon.colcon_core.environment:create_file_with_runtime_dependencies(/home/jo/clearpath_ws/install/clearpath_motor_msgs/share/colcon-core/packages/clearpath_motor_msgs)
[8.485s] DEBUG:colcon.colcon_core.event_handler.log_command:Invoked command in '/home/jo/clearpath_ws/build/clearpath_platform_msgs' returned '0': CMAKE_PREFIX_PATH=${CMAKE_PREFIX_PATH}:/opt/ros/humble /usr/bin/cmake --build /home/jo/clearpath_ws/build/clearpath_platform_msgs -- -j20 -l20
[8.487s] DEBUG:colcon.colcon_core.event_handler.log_command:Invoking command in '/home/jo/clearpath_ws/build/clearpath_platform_msgs': CMAKE_PREFIX_PATH=${CMAKE_PREFIX_PATH}:/opt/ros/humble /usr/bin/cmake --install /home/jo/clearpath_ws/build/clearpath_platform_msgs
[8.554s] Level 1:colcon.colcon_core.environment:create_environment_scripts_only(clearpath_platform_msgs)
[8.554s] DEBUG:colcon.colcon_core.event_handler.log_command:Invoked command in '/home/jo/clearpath_ws/build/clearpath_platform_msgs' returned '0': CMAKE_PREFIX_PATH=${CMAKE_PREFIX_PATH}:/opt/ros/humble /usr/bin/cmake --install /home/jo/clearpath_ws/build/clearpath_platform_msgs
[8.554s] Level 1:colcon.colcon_core.environment:checking '/home/jo/clearpath_ws/install/clearpath_platform_msgs' for CMake module files
[8.555s] Level 1:colcon.colcon_core.environment:checking '/home/jo/clearpath_ws/install/clearpath_platform_msgs' for CMake config files
[8.555s] Level 1:colcon.colcon_core.shell:create_environment_hook('clearpath_platform_msgs', 'cmake_prefix_path')
[8.555s] INFO:colcon.colcon_core.shell:Creating environment hook '/home/jo/clearpath_ws/install/clearpath_platform_msgs/share/clearpath_platform_msgs/hook/cmake_prefix_path.ps1'
[8.555s] INFO:colcon.colcon_core.shell:Creating environment descriptor '/home/jo/clearpath_ws/install/clearpath_platform_msgs/share/clearpath_platform_msgs/hook/cmake_prefix_path.dsv'
[8.556s] INFO:colcon.colcon_core.shell:Creating environment hook '/home/jo/clearpath_ws/install/clearpath_platform_msgs/share/clearpath_platform_msgs/hook/cmake_prefix_path.sh'
[8.556s] Level 1:colcon.colcon_core.environment:checking '/home/jo/clearpath_ws/install/clearpath_platform_msgs/lib'
[8.556s] Level 1:colcon.colcon_core.shell:create_environment_hook('clearpath_platform_msgs', 'ld_library_path_lib')
[8.556s] INFO:colcon.colcon_core.shell:Creating environment hook '/home/jo/clearpath_ws/install/clearpath_platform_msgs/share/clearpath_platform_msgs/hook/ld_library_path_lib.ps1'
[8.556s] INFO:colcon.colcon_core.shell:Creating environment descriptor '/home/jo/clearpath_ws/install/clearpath_platform_msgs/share/clearpath_platform_msgs/hook/ld_library_path_lib.dsv'
[8.557s] INFO:colcon.colcon_core.shell:Creating environment hook '/home/jo/clearpath_ws/install/clearpath_platform_msgs/share/clearpath_platform_msgs/hook/ld_library_path_lib.sh'
[8.557s] Level 1:colcon.colcon_core.environment:checking '/home/jo/clearpath_ws/install/clearpath_platform_msgs/bin'
[8.557s] Level 1:colcon.colcon_core.environment:checking '/home/jo/clearpath_ws/install/clearpath_platform_msgs/lib/pkgconfig/clearpath_platform_msgs.pc'
[8.557s] Level 1:colcon.colcon_core.environment:checking '/home/jo/clearpath_ws/install/clearpath_platform_msgs/lib/python3.10/site-packages'
[8.557s] Level 1:colcon.colcon_core.environment:checking '/home/jo/clearpath_ws/install/clearpath_platform_msgs/bin'
[8.558s] INFO:colcon.colcon_core.shell:Creating package script '/home/jo/clearpath_ws/install/clearpath_platform_msgs/share/clearpath_platform_msgs/package.ps1'
[8.558s] INFO:colcon.colcon_core.shell:Creating package descriptor '/home/jo/clearpath_ws/install/clearpath_platform_msgs/share/clearpath_platform_msgs/package.dsv'
[8.558s] INFO:colcon.colcon_core.shell:Creating package script '/home/jo/clearpath_ws/install/clearpath_platform_msgs/share/clearpath_platform_msgs/package.sh'
[8.558s] INFO:colcon.colcon_core.shell:Creating package script '/home/jo/clearpath_ws/install/clearpath_platform_msgs/share/clearpath_platform_msgs/package.bash'
[8.559s] INFO:colcon.colcon_core.shell:Creating package script '/home/jo/clearpath_ws/install/clearpath_platform_msgs/share/clearpath_platform_msgs/package.zsh'
[8.559s] Level 1:colcon.colcon_core.environment:create_file_with_runtime_dependencies(/home/jo/clearpath_ws/install/clearpath_platform_msgs/share/colcon-core/packages/clearpath_platform_msgs)
[8.559s] Level 1:colcon.colcon_core.environment:create_environment_scripts_only(clearpath_platform_msgs)
[8.559s] Level 1:colcon.colcon_core.environment:checking '/home/jo/clearpath_ws/install/clearpath_platform_msgs' for CMake module files
[8.560s] Level 1:colcon.colcon_core.environment:checking '/home/jo/clearpath_ws/install/clearpath_platform_msgs' for CMake config files
[8.560s] Level 1:colcon.colcon_core.shell:create_environment_hook('clearpath_platform_msgs', 'cmake_prefix_path')
[8.560s] INFO:colcon.colcon_core.shell:Creating environment hook '/home/jo/clearpath_ws/install/clearpath_platform_msgs/share/clearpath_platform_msgs/hook/cmake_prefix_path.ps1'
[8.560s] INFO:colcon.colcon_core.shell:Creating environment descriptor '/home/jo/clearpath_ws/install/clearpath_platform_msgs/share/clearpath_platform_msgs/hook/cmake_prefix_path.dsv'
[8.561s] INFO:colcon.colcon_core.shell:Creating environment hook '/home/jo/clearpath_ws/install/clearpath_platform_msgs/share/clearpath_platform_msgs/hook/cmake_prefix_path.sh'
[8.561s] Level 1:colcon.colcon_core.environment:checking '/home/jo/clearpath_ws/install/clearpath_platform_msgs/lib'
[8.561s] Level 1:colcon.colcon_core.shell:create_environment_hook('clearpath_platform_msgs', 'ld_library_path_lib')
[8.561s] INFO:colcon.colcon_core.shell:Creating environment hook '/home/jo/clearpath_ws/install/clearpath_platform_msgs/share/clearpath_platform_msgs/hook/ld_library_path_lib.ps1'
[8.561s] INFO:colcon.colcon_core.shell:Creating environment descriptor '/home/jo/clearpath_ws/install/clearpath_platform_msgs/share/clearpath_platform_msgs/hook/ld_library_path_lib.dsv'
[8.562s] INFO:colcon.colcon_core.shell:Creating environment hook '/home/jo/clearpath_ws/install/clearpath_platform_msgs/share/clearpath_platform_msgs/hook/ld_library_path_lib.sh'
[8.562s] Level 1:colcon.colcon_core.environment:checking '/home/jo/clearpath_ws/install/clearpath_platform_msgs/bin'
[8.562s] Level 1:colcon.colcon_core.environment:checking '/home/jo/clearpath_ws/install/clearpath_platform_msgs/lib/pkgconfig/clearpath_platform_msgs.pc'
[8.562s] Level 1:colcon.colcon_core.environment:checking '/home/jo/clearpath_ws/install/clearpath_platform_msgs/lib/python3.10/site-packages'
[8.562s] Level 1:colcon.colcon_core.environment:checking '/home/jo/clearpath_ws/install/clearpath_platform_msgs/bin'
[8.562s] INFO:colcon.colcon_core.shell:Creating package script '/home/jo/clearpath_ws/install/clearpath_platform_msgs/share/clearpath_platform_msgs/package.ps1'
[8.563s] INFO:colcon.colcon_core.shell:Creating package descriptor '/home/jo/clearpath_ws/install/clearpath_platform_msgs/share/clearpath_platform_msgs/package.dsv'
[8.563s] INFO:colcon.colcon_core.shell:Creating package script '/home/jo/clearpath_ws/install/clearpath_platform_msgs/share/clearpath_platform_msgs/package.sh'
[8.563s] INFO:colcon.colcon_core.shell:Creating package script '/home/jo/clearpath_ws/install/clearpath_platform_msgs/share/clearpath_platform_msgs/package.bash'
[8.564s] INFO:colcon.colcon_core.shell:Creating package script '/home/jo/clearpath_ws/install/clearpath_platform_msgs/share/clearpath_platform_msgs/package.zsh'
[8.564s] Level 1:colcon.colcon_core.environment:create_file_with_runtime_dependencies(/home/jo/clearpath_ws/install/clearpath_platform_msgs/share/colcon-core/packages/clearpath_platform_msgs)
[8.564s] INFO:colcon.colcon_ros.task.ament_cmake.build:Building ROS package in '/home/jo/clearpath_ws/src/clearpath_msgs/clearpath_msgs' with build type 'ament_cmake'
[8.564s] INFO:colcon.colcon_cmake.task.cmake.build:Building CMake package in '/home/jo/clearpath_ws/src/clearpath_msgs/clearpath_msgs'
[8.564s] INFO:colcon.colcon_core.shell:Skip shell extension 'powershell' for command environment: Not usable outside of PowerShell
[8.565s] DEBUG:colcon.colcon_core.shell:Skip shell extension 'dsv' for command environment
[8.577s] DEBUG:colcon.colcon_core.event_handler.log_command:Invoking command in '/home/jo/clearpath_ws/build/clearpath_msgs': AMENT_PREFIX_PATH=/home/jo/clearpath_ws/install/clearpath_platform_msgs:/home/jo/clearpath_ws/install/clearpath_motor_msgs:${AMENT_PREFIX_PATH} CMAKE_PREFIX_PATH=/home/jo/clearpath_ws/install/clearpath_platform_msgs:/home/jo/clearpath_ws/install/clearpath_motor_msgs:/home/jo/TRG-planner-main/install/trg_planner_ros:/home/jo/myrobot_ws/install/go2_nav_pkg:/home/jo/ugv_husky_ws/install/ugv_nav4d_ros2:/home/jo/ugv_husky_ws/install/lidarslam:/home/jo/ugv_husky_ws/install/scanmatcher:/home/jo/ugv_husky_ws/install/graph_based_slam:/home/jo/ugv_husky_ws/install/ndt_omp_ros2:/home/jo/ugv_husky_ws/install/lidarslam_msgs:/home/jo/ugv_husky_ws/install/husky_ugv_nav4d_pkg:/home/jo/myrobot_ws/install/my_robot_pkg:/home/jo/myrobot_ws/install/go2_description:/home/jo/myrobot_ws/install/go2_config:/home/jo/myrobot_ws/install/champ_teleop:/home/jo/myrobot_ws/install/champ_navigation:/home/jo/myrobot_ws/install/champ_gazebo:/home/jo/myrobot_ws/install/champ_bringup:/home/jo/myrobot_ws/install/champ_base:/home/jo/myrobot_ws/install/champ_msgs:/home/jo/myrobot_ws/install/champ_description:/home/jo/myrobot_ws/install/champ_config:/home/jo/myrobot_ws/install/champ:/home/jo/ros2_ws/install/zed_ros2:/home/jo/ros2_ws/install/zed_robot_integration:/home/jo/ros2_ws/install/zed_ipc:/home/jo/ros2_ws/install/zed_multi_camera:/home/jo/ros2_ws/install/zed_isaac_ros_april_tag:/home/jo/ros2_ws/install/zed_display_rviz2:/home/jo/ros2_ws/install/zed_depth_to_laserscan:/home/jo/ros2_ws/install/zed_wrapper:/home/jo/ros2_ws/install/zed_tutorial_video:/home/jo/ros2_ws/install/zed_tutorial_pos_tracking:/home/jo/ros2_ws/install/zed_tutorial_depth:/home/jo/ros2_ws/install/zed_topic_benchmark:/home/jo/ros2_ws/install/zed_topic_benchmark_component:/home/jo/ros2_ws/install/zed_topic_benchmark_interfaces:/home/jo/ros2_ws/install/zed_rgb_convert:/home/jo/ros2_ws/install/zed_isaac_ros_nitros_sub:/home/jo/ros2_ws/install/zed_aruco_localization:/home/jo/ros2_ws/install/zed_components:/home/jo/ros2_ws/install/rviz_plugin_zed_od:/opt/ros/humble LD_LIBRARY_PATH=/home/jo/clearpath_ws/install/clearpath_platform_msgs/lib:/home/jo/clearpath_ws/install/clearpath_motor_msgs/lib:${LD_LIBRARY_PATH} PYTHONPATH=/home/jo/clearpath_ws/install/clearpath_platform_msgs/local/lib/python3.10/dist-packages:/home/jo/clearpath_ws/install/clearpath_motor_msgs/local/lib/python3.10/dist-packages:${PYTHONPATH} /usr/bin/cmake /home/jo/clearpath_ws/src/clearpath_msgs/clearpath_msgs -DCMAKE_INSTALL_PREFIX=/home/jo/clearpath_ws/install/clearpath_msgs
[9.098s] DEBUG:colcon.colcon_core.event_handler.log_command:Invoked command in '/home/jo/clearpath_ws/build/clearpath_generator_common' returned '0': AMENT_PREFIX_PATH=/home/jo/clearpath_ws/install/clearpath_manipulators:/home/jo/clearpath_ws/install/clearpath_description:/home/jo/clearpath_ws/install/clearpath_sensors_description:/home/jo/clearpath_ws/install/clearpath_platform_description:/home/jo/clearpath_ws/install/clearpath_mounts_description:/home/jo/clearpath_ws/install/clearpath_manipulators_description:/home/jo/clearpath_ws/install/clearpath_control:/home/jo/clearpath_ws/install/clearpath_config:${AMENT_PREFIX_PATH} CMAKE_PREFIX_PATH=/home/jo/clearpath_ws/install/clearpath_manipulators:/home/jo/clearpath_ws/install/clearpath_description:/home/jo/clearpath_ws/install/clearpath_sensors_description:/home/jo/clearpath_ws/install/clearpath_platform_description:/home/jo/clearpath_ws/install/clearpath_mounts_description:/home/jo/clearpath_ws/install/clearpath_manipulators_description:/home/jo/clearpath_ws/install/clearpath_control:/home/jo/TRG-planner-main/install/trg_planner_ros:/home/jo/myrobot_ws/install/go2_nav_pkg:/home/jo/ugv_husky_ws/install/ugv_nav4d_ros2:/home/jo/ugv_husky_ws/install/lidarslam:/home/jo/ugv_husky_ws/install/scanmatcher:/home/jo/ugv_husky_ws/install/graph_based_slam:/home/jo/ugv_husky_ws/install/ndt_omp_ros2:/home/jo/ugv_husky_ws/install/lidarslam_msgs:/home/jo/ugv_husky_ws/install/husky_ugv_nav4d_pkg:/home/jo/myrobot_ws/install/my_robot_pkg:/home/jo/myrobot_ws/install/go2_description:/home/jo/myrobot_ws/install/go2_config:/home/jo/myrobot_ws/install/champ_teleop:/home/jo/myrobot_ws/install/champ_navigation:/home/jo/myrobot_ws/install/champ_gazebo:/home/jo/myrobot_ws/install/champ_bringup:/home/jo/myrobot_ws/install/champ_base:/home/jo/myrobot_ws/install/champ_msgs:/home/jo/myrobot_ws/install/champ_description:/home/jo/myrobot_ws/install/champ_config:/home/jo/myrobot_ws/install/champ:/home/jo/ros2_ws/install/zed_ros2:/home/jo/ros2_ws/install/zed_robot_integration:/home/jo/ros2_ws/install/zed_ipc:/home/jo/ros2_ws/install/zed_multi_camera:/home/jo/ros2_ws/install/zed_isaac_ros_april_tag:/home/jo/ros2_ws/install/zed_display_rviz2:/home/jo/ros2_ws/install/zed_depth_to_laserscan:/home/jo/ros2_ws/install/zed_wrapper:/home/jo/ros2_ws/install/zed_tutorial_video:/home/jo/ros2_ws/install/zed_tutorial_pos_tracking:/home/jo/ros2_ws/install/zed_tutorial_depth:/home/jo/ros2_ws/install/zed_topic_benchmark:/home/jo/ros2_ws/install/zed_topic_benchmark_component:/home/jo/ros2_ws/install/zed_topic_benchmark_interfaces:/home/jo/ros2_ws/install/zed_rgb_convert:/home/jo/ros2_ws/install/zed_isaac_ros_nitros_sub:/home/jo/ros2_ws/install/zed_aruco_localization:/home/jo/ros2_ws/install/zed_components:/home/jo/ros2_ws/install/rviz_plugin_zed_od:/opt/ros/humble PYTHONPATH=/home/jo/clearpath_ws/install/clearpath_config/lib/python3.10/site-packages:${PYTHONPATH} /usr/bin/cmake /home/jo/clearpath_ws/src/clearpath_common/clearpath_generator_common -DCMAKE_INSTALL_PREFIX=/home/jo/clearpath_ws/install/clearpath_generator_common
[9.100s] DEBUG:colcon.colcon_core.event_handler.log_command:Invoking command in '/home/jo/clearpath_ws/build/clearpath_generator_common': AMENT_PREFIX_PATH=/home/jo/clearpath_ws/install/clearpath_manipulators:/home/jo/clearpath_ws/install/clearpath_description:/home/jo/clearpath_ws/install/clearpath_sensors_description:/home/jo/clearpath_ws/install/clearpath_platform_description:/home/jo/clearpath_ws/install/clearpath_mounts_description:/home/jo/clearpath_ws/install/clearpath_manipulators_description:/home/jo/clearpath_ws/install/clearpath_control:/home/jo/clearpath_ws/install/clearpath_config:${AMENT_PREFIX_PATH} CMAKE_PREFIX_PATH=/home/jo/clearpath_ws/install/clearpath_manipulators:/home/jo/clearpath_ws/install/clearpath_description:/home/jo/clearpath_ws/install/clearpath_sensors_description:/home/jo/clearpath_ws/install/clearpath_platform_description:/home/jo/clearpath_ws/install/clearpath_mounts_description:/home/jo/clearpath_ws/install/clearpath_manipulators_description:/home/jo/clearpath_ws/install/clearpath_control:/home/jo/TRG-planner-main/install/trg_planner_ros:/home/jo/myrobot_ws/install/go2_nav_pkg:/home/jo/ugv_husky_ws/install/ugv_nav4d_ros2:/home/jo/ugv_husky_ws/install/lidarslam:/home/jo/ugv_husky_ws/install/scanmatcher:/home/jo/ugv_husky_ws/install/graph_based_slam:/home/jo/ugv_husky_ws/install/ndt_omp_ros2:/home/jo/ugv_husky_ws/install/lidarslam_msgs:/home/jo/ugv_husky_ws/install/husky_ugv_nav4d_pkg:/home/jo/myrobot_ws/install/my_robot_pkg:/home/jo/myrobot_ws/install/go2_description:/home/jo/myrobot_ws/install/go2_config:/home/jo/myrobot_ws/install/champ_teleop:/home/jo/myrobot_ws/install/champ_navigation:/home/jo/myrobot_ws/install/champ_gazebo:/home/jo/myrobot_ws/install/champ_bringup:/home/jo/myrobot_ws/install/champ_base:/home/jo/myrobot_ws/install/champ_msgs:/home/jo/myrobot_ws/install/champ_description:/home/jo/myrobot_ws/install/champ_config:/home/jo/myrobot_ws/install/champ:/home/jo/ros2_ws/install/zed_ros2:/home/jo/ros2_ws/install/zed_robot_integration:/home/jo/ros2_ws/install/zed_ipc:/home/jo/ros2_ws/install/zed_multi_camera:/home/jo/ros2_ws/install/zed_isaac_ros_april_tag:/home/jo/ros2_ws/install/zed_display_rviz2:/home/jo/ros2_ws/install/zed_depth_to_laserscan:/home/jo/ros2_ws/install/zed_wrapper:/home/jo/ros2_ws/install/zed_tutorial_video:/home/jo/ros2_ws/install/zed_tutorial_pos_tracking:/home/jo/ros2_ws/install/zed_tutorial_depth:/home/jo/ros2_ws/install/zed_topic_benchmark:/home/jo/ros2_ws/install/zed_topic_benchmark_component:/home/jo/ros2_ws/install/zed_topic_benchmark_interfaces:/home/jo/ros2_ws/install/zed_rgb_convert:/home/jo/ros2_ws/install/zed_isaac_ros_nitros_sub:/home/jo/ros2_ws/install/zed_aruco_localization:/home/jo/ros2_ws/install/zed_components:/home/jo/ros2_ws/install/rviz_plugin_zed_od:/opt/ros/humble PYTHONPATH=/home/jo/clearpath_ws/install/clearpath_config/lib/python3.10/site-packages:${PYTHONPATH} /usr/bin/cmake --build /home/jo/clearpath_ws/build/clearpath_generator_common -- -j20 -l20
[9.258s] DEBUG:colcon.colcon_core.event_handler.log_command:Invoked command in '/home/jo/clearpath_ws/build/clearpath_msgs' returned '0': AMENT_PREFIX_PATH=/home/jo/clearpath_ws/install/clearpath_platform_msgs:/home/jo/clearpath_ws/install/clearpath_motor_msgs:${AMENT_PREFIX_PATH} CMAKE_PREFIX_PATH=/home/jo/clearpath_ws/install/clearpath_platform_msgs:/home/jo/clearpath_ws/install/clearpath_motor_msgs:/home/jo/TRG-planner-main/install/trg_planner_ros:/home/jo/myrobot_ws/install/go2_nav_pkg:/home/jo/ugv_husky_ws/install/ugv_nav4d_ros2:/home/jo/ugv_husky_ws/install/lidarslam:/home/jo/ugv_husky_ws/install/scanmatcher:/home/jo/ugv_husky_ws/install/graph_based_slam:/home/jo/ugv_husky_ws/install/ndt_omp_ros2:/home/jo/ugv_husky_ws/install/lidarslam_msgs:/home/jo/ugv_husky_ws/install/husky_ugv_nav4d_pkg:/home/jo/myrobot_ws/install/my_robot_pkg:/home/jo/myrobot_ws/install/go2_description:/home/jo/myrobot_ws/install/go2_config:/home/jo/myrobot_ws/install/champ_teleop:/home/jo/myrobot_ws/install/champ_navigation:/home/jo/myrobot_ws/install/champ_gazebo:/home/jo/myrobot_ws/install/champ_bringup:/home/jo/myrobot_ws/install/champ_base:/home/jo/myrobot_ws/install/champ_msgs:/home/jo/myrobot_ws/install/champ_description:/home/jo/myrobot_ws/install/champ_config:/home/jo/myrobot_ws/install/champ:/home/jo/ros2_ws/install/zed_ros2:/home/jo/ros2_ws/install/zed_robot_integration:/home/jo/ros2_ws/install/zed_ipc:/home/jo/ros2_ws/install/zed_multi_camera:/home/jo/ros2_ws/install/zed_isaac_ros_april_tag:/home/jo/ros2_ws/install/zed_display_rviz2:/home/jo/ros2_ws/install/zed_depth_to_laserscan:/home/jo/ros2_ws/install/zed_wrapper:/home/jo/ros2_ws/install/zed_tutorial_video:/home/jo/ros2_ws/install/zed_tutorial_pos_tracking:/home/jo/ros2_ws/install/zed_tutorial_depth:/home/jo/ros2_ws/install/zed_topic_benchmark:/home/jo/ros2_ws/install/zed_topic_benchmark_component:/home/jo/ros2_ws/install/zed_topic_benchmark_interfaces:/home/jo/ros2_ws/install/zed_rgb_convert:/home/jo/ros2_ws/install/zed_isaac_ros_nitros_sub:/home/jo/ros2_ws/install/zed_aruco_localization:/home/jo/ros2_ws/install/zed_components:/home/jo/ros2_ws/install/rviz_plugin_zed_od:/opt/ros/humble LD_LIBRARY_PATH=/home/jo/clearpath_ws/install/clearpath_platform_msgs/lib:/home/jo/clearpath_ws/install/clearpath_motor_msgs/lib:${LD_LIBRARY_PATH} PYTHONPATH=/home/jo/clearpath_ws/install/clearpath_platform_msgs/local/lib/python3.10/dist-packages:/home/jo/clearpath_ws/install/clearpath_motor_msgs/local/lib/python3.10/dist-packages:${PYTHONPATH} /usr/bin/cmake /home/jo/clearpath_ws/src/clearpath_msgs/clearpath_msgs -DCMAKE_INSTALL_PREFIX=/home/jo/clearpath_ws/install/clearpath_msgs
[9.259s] DEBUG:colcon.colcon_core.event_handler.log_command:Invoking command in '/home/jo/clearpath_ws/build/clearpath_msgs': AMENT_PREFIX_PATH=/home/jo/clearpath_ws/install/clearpath_platform_msgs:/home/jo/clearpath_ws/install/clearpath_motor_msgs:${AMENT_PREFIX_PATH} CMAKE_PREFIX_PATH=/home/jo/clearpath_ws/install/clearpath_platform_msgs:/home/jo/clearpath_ws/install/clearpath_motor_msgs:/home/jo/TRG-planner-main/install/trg_planner_ros:/home/jo/myrobot_ws/install/go2_nav_pkg:/home/jo/ugv_husky_ws/install/ugv_nav4d_ros2:/home/jo/ugv_husky_ws/install/lidarslam:/home/jo/ugv_husky_ws/install/scanmatcher:/home/jo/ugv_husky_ws/install/graph_based_slam:/home/jo/ugv_husky_ws/install/ndt_omp_ros2:/home/jo/ugv_husky_ws/install/lidarslam_msgs:/home/jo/ugv_husky_ws/install/husky_ugv_nav4d_pkg:/home/jo/myrobot_ws/install/my_robot_pkg:/home/jo/myrobot_ws/install/go2_description:/home/jo/myrobot_ws/install/go2_config:/home/jo/myrobot_ws/install/champ_teleop:/home/jo/myrobot_ws/install/champ_navigation:/home/jo/myrobot_ws/install/champ_gazebo:/home/jo/myrobot_ws/install/champ_bringup:/home/jo/myrobot_ws/install/champ_base:/home/jo/myrobot_ws/install/champ_msgs:/home/jo/myrobot_ws/install/champ_description:/home/jo/myrobot_ws/install/champ_config:/home/jo/myrobot_ws/install/champ:/home/jo/ros2_ws/install/zed_ros2:/home/jo/ros2_ws/install/zed_robot_integration:/home/jo/ros2_ws/install/zed_ipc:/home/jo/ros2_ws/install/zed_multi_camera:/home/jo/ros2_ws/install/zed_isaac_ros_april_tag:/home/jo/ros2_ws/install/zed_display_rviz2:/home/jo/ros2_ws/install/zed_depth_to_laserscan:/home/jo/ros2_ws/install/zed_wrapper:/home/jo/ros2_ws/install/zed_tutorial_video:/home/jo/ros2_ws/install/zed_tutorial_pos_tracking:/home/jo/ros2_ws/install/zed_tutorial_depth:/home/jo/ros2_ws/install/zed_topic_benchmark:/home/jo/ros2_ws/install/zed_topic_benchmark_component:/home/jo/ros2_ws/install/zed_topic_benchmark_interfaces:/home/jo/ros2_ws/install/zed_rgb_convert:/home/jo/ros2_ws/install/zed_isaac_ros_nitros_sub:/home/jo/ros2_ws/install/zed_aruco_localization:/home/jo/ros2_ws/install/zed_components:/home/jo/ros2_ws/install/rviz_plugin_zed_od:/opt/ros/humble LD_LIBRARY_PATH=/home/jo/clearpath_ws/install/clearpath_platform_msgs/lib:/home/jo/clearpath_ws/install/clearpath_motor_msgs/lib:${LD_LIBRARY_PATH} PYTHONPATH=/home/jo/clearpath_ws/install/clearpath_platform_msgs/local/lib/python3.10/dist-packages:/home/jo/clearpath_ws/install/clearpath_motor_msgs/local/lib/python3.10/dist-packages:${PYTHONPATH} /usr/bin/cmake --build /home/jo/clearpath_ws/build/clearpath_msgs -- -j20 -l20
[9.284s] DEBUG:colcon.colcon_core.event_handler.log_command:Invoked command in '/home/jo/clearpath_ws/build/clearpath_msgs' returned '0': AMENT_PREFIX_PATH=/home/jo/clearpath_ws/install/clearpath_platform_msgs:/home/jo/clearpath_ws/install/clearpath_motor_msgs:${AMENT_PREFIX_PATH} CMAKE_PREFIX_PATH=/home/jo/clearpath_ws/install/clearpath_platform_msgs:/home/jo/clearpath_ws/install/clearpath_motor_msgs:/home/jo/TRG-planner-main/install/trg_planner_ros:/home/jo/myrobot_ws/install/go2_nav_pkg:/home/jo/ugv_husky_ws/install/ugv_nav4d_ros2:/home/jo/ugv_husky_ws/install/lidarslam:/home/jo/ugv_husky_ws/install/scanmatcher:/home/jo/ugv_husky_ws/install/graph_based_slam:/home/jo/ugv_husky_ws/install/ndt_omp_ros2:/home/jo/ugv_husky_ws/install/lidarslam_msgs:/home/jo/ugv_husky_ws/install/husky_ugv_nav4d_pkg:/home/jo/myrobot_ws/install/my_robot_pkg:/home/jo/myrobot_ws/install/go2_description:/home/jo/myrobot_ws/install/go2_config:/home/jo/myrobot_ws/install/champ_teleop:/home/jo/myrobot_ws/install/champ_navigation:/home/jo/myrobot_ws/install/champ_gazebo:/home/jo/myrobot_ws/install/champ_bringup:/home/jo/myrobot_ws/install/champ_base:/home/jo/myrobot_ws/install/champ_msgs:/home/jo/myrobot_ws/install/champ_description:/home/jo/myrobot_ws/install/champ_config:/home/jo/myrobot_ws/install/champ:/home/jo/ros2_ws/install/zed_ros2:/home/jo/ros2_ws/install/zed_robot_integration:/home/jo/ros2_ws/install/zed_ipc:/home/jo/ros2_ws/install/zed_multi_camera:/home/jo/ros2_ws/install/zed_isaac_ros_april_tag:/home/jo/ros2_ws/install/zed_display_rviz2:/home/jo/ros2_ws/install/zed_depth_to_laserscan:/home/jo/ros2_ws/install/zed_wrapper:/home/jo/ros2_ws/install/zed_tutorial_video:/home/jo/ros2_ws/install/zed_tutorial_pos_tracking:/home/jo/ros2_ws/install/zed_tutorial_depth:/home/jo/ros2_ws/install/zed_topic_benchmark:/home/jo/ros2_ws/install/zed_topic_benchmark_component:/home/jo/ros2_ws/install/zed_topic_benchmark_interfaces:/home/jo/ros2_ws/install/zed_rgb_convert:/home/jo/ros2_ws/install/zed_isaac_ros_nitros_sub:/home/jo/ros2_ws/install/zed_aruco_localization:/home/jo/ros2_ws/install/zed_components:/home/jo/ros2_ws/install/rviz_plugin_zed_od:/opt/ros/humble LD_LIBRARY_PATH=/home/jo/clearpath_ws/install/clearpath_platform_msgs/lib:/home/jo/clearpath_ws/install/clearpath_motor_msgs/lib:${LD_LIBRARY_PATH} PYTHONPATH=/home/jo/clearpath_ws/install/clearpath_platform_msgs/local/lib/python3.10/dist-packages:/home/jo/clearpath_ws/install/clearpath_motor_msgs/local/lib/python3.10/dist-packages:${PYTHONPATH} /usr/bin/cmake --build /home/jo/clearpath_ws/build/clearpath_msgs -- -j20 -l20
[9.285s] DEBUG:colcon.colcon_core.event_handler.log_command:Invoking command in '/home/jo/clearpath_ws/build/clearpath_msgs': AMENT_PREFIX_PATH=/home/jo/clearpath_ws/install/clearpath_platform_msgs:/home/jo/clearpath_ws/install/clearpath_motor_msgs:${AMENT_PREFIX_PATH} CMAKE_PREFIX_PATH=/home/jo/clearpath_ws/install/clearpath_platform_msgs:/home/jo/clearpath_ws/install/clearpath_motor_msgs:/home/jo/TRG-planner-main/install/trg_planner_ros:/home/jo/myrobot_ws/install/go2_nav_pkg:/home/jo/ugv_husky_ws/install/ugv_nav4d_ros2:/home/jo/ugv_husky_ws/install/lidarslam:/home/jo/ugv_husky_ws/install/scanmatcher:/home/jo/ugv_husky_ws/install/graph_based_slam:/home/jo/ugv_husky_ws/install/ndt_omp_ros2:/home/jo/ugv_husky_ws/install/lidarslam_msgs:/home/jo/ugv_husky_ws/install/husky_ugv_nav4d_pkg:/home/jo/myrobot_ws/install/my_robot_pkg:/home/jo/myrobot_ws/install/go2_description:/home/jo/myrobot_ws/install/go2_config:/home/jo/myrobot_ws/install/champ_teleop:/home/jo/myrobot_ws/install/champ_navigation:/home/jo/myrobot_ws/install/champ_gazebo:/home/jo/myrobot_ws/install/champ_bringup:/home/jo/myrobot_ws/install/champ_base:/home/jo/myrobot_ws/install/champ_msgs:/home/jo/myrobot_ws/install/champ_description:/home/jo/myrobot_ws/install/champ_config:/home/jo/myrobot_ws/install/champ:/home/jo/ros2_ws/install/zed_ros2:/home/jo/ros2_ws/install/zed_robot_integration:/home/jo/ros2_ws/install/zed_ipc:/home/jo/ros2_ws/install/zed_multi_camera:/home/jo/ros2_ws/install/zed_isaac_ros_april_tag:/home/jo/ros2_ws/install/zed_display_rviz2:/home/jo/ros2_ws/install/zed_depth_to_laserscan:/home/jo/ros2_ws/install/zed_wrapper:/home/jo/ros2_ws/install/zed_tutorial_video:/home/jo/ros2_ws/install/zed_tutorial_pos_tracking:/home/jo/ros2_ws/install/zed_tutorial_depth:/home/jo/ros2_ws/install/zed_topic_benchmark:/home/jo/ros2_ws/install/zed_topic_benchmark_component:/home/jo/ros2_ws/install/zed_topic_benchmark_interfaces:/home/jo/ros2_ws/install/zed_rgb_convert:/home/jo/ros2_ws/install/zed_isaac_ros_nitros_sub:/home/jo/ros2_ws/install/zed_aruco_localization:/home/jo/ros2_ws/install/zed_components:/home/jo/ros2_ws/install/rviz_plugin_zed_od:/opt/ros/humble LD_LIBRARY_PATH=/home/jo/clearpath_ws/install/clearpath_platform_msgs/lib:/home/jo/clearpath_ws/install/clearpath_motor_msgs/lib:${LD_LIBRARY_PATH} PYTHONPATH=/home/jo/clearpath_ws/install/clearpath_platform_msgs/local/lib/python3.10/dist-packages:/home/jo/clearpath_ws/install/clearpath_motor_msgs/local/lib/python3.10/dist-packages:${PYTHONPATH} /usr/bin/cmake --install /home/jo/clearpath_ws/build/clearpath_msgs
[9.292s] Level 1:colcon.colcon_core.environment:create_environment_scripts_only(clearpath_msgs)
[9.293s] Level 1:colcon.colcon_core.environment:checking '/home/jo/clearpath_ws/install/clearpath_msgs' for CMake module files
[9.293s] DEBUG:colcon.colcon_core.event_handler.log_command:Invoked command in '/home/jo/clearpath_ws/build/clearpath_msgs' returned '0': AMENT_PREFIX_PATH=/home/jo/clearpath_ws/install/clearpath_platform_msgs:/home/jo/clearpath_ws/install/clearpath_motor_msgs:${AMENT_PREFIX_PATH} CMAKE_PREFIX_PATH=/home/jo/clearpath_ws/install/clearpath_platform_msgs:/home/jo/clearpath_ws/install/clearpath_motor_msgs:/home/jo/TRG-planner-main/install/trg_planner_ros:/home/jo/myrobot_ws/install/go2_nav_pkg:/home/jo/ugv_husky_ws/install/ugv_nav4d_ros2:/home/jo/ugv_husky_ws/install/lidarslam:/home/jo/ugv_husky_ws/install/scanmatcher:/home/jo/ugv_husky_ws/install/graph_based_slam:/home/jo/ugv_husky_ws/install/ndt_omp_ros2:/home/jo/ugv_husky_ws/install/lidarslam_msgs:/home/jo/ugv_husky_ws/install/husky_ugv_nav4d_pkg:/home/jo/myrobot_ws/install/my_robot_pkg:/home/jo/myrobot_ws/install/go2_description:/home/jo/myrobot_ws/install/go2_config:/home/jo/myrobot_ws/install/champ_teleop:/home/jo/myrobot_ws/install/champ_navigation:/home/jo/myrobot_ws/install/champ_gazebo:/home/jo/myrobot_ws/install/champ_bringup:/home/jo/myrobot_ws/install/champ_base:/home/jo/myrobot_ws/install/champ_msgs:/home/jo/myrobot_ws/install/champ_description:/home/jo/myrobot_ws/install/champ_config:/home/jo/myrobot_ws/install/champ:/home/jo/ros2_ws/install/zed_ros2:/home/jo/ros2_ws/install/zed_robot_integration:/home/jo/ros2_ws/install/zed_ipc:/home/jo/ros2_ws/install/zed_multi_camera:/home/jo/ros2_ws/install/zed_isaac_ros_april_tag:/home/jo/ros2_ws/install/zed_display_rviz2:/home/jo/ros2_ws/install/zed_depth_to_laserscan:/home/jo/ros2_ws/install/zed_wrapper:/home/jo/ros2_ws/install/zed_tutorial_video:/home/jo/ros2_ws/install/zed_tutorial_pos_tracking:/home/jo/ros2_ws/install/zed_tutorial_depth:/home/jo/ros2_ws/install/zed_topic_benchmark:/home/jo/ros2_ws/install/zed_topic_benchmark_component:/home/jo/ros2_ws/install/zed_topic_benchmark_interfaces:/home/jo/ros2_ws/install/zed_rgb_convert:/home/jo/ros2_ws/install/zed_isaac_ros_nitros_sub:/home/jo/ros2_ws/install/zed_aruco_localization:/home/jo/ros2_ws/install/zed_components:/home/jo/ros2_ws/install/rviz_plugin_zed_od:/opt/ros/humble LD_LIBRARY_PATH=/home/jo/clearpath_ws/install/clearpath_platform_msgs/lib:/home/jo/clearpath_ws/install/clearpath_motor_msgs/lib:${LD_LIBRARY_PATH} PYTHONPATH=/home/jo/clearpath_ws/install/clearpath_platform_msgs/local/lib/python3.10/dist-packages:/home/jo/clearpath_ws/install/clearpath_motor_msgs/local/lib/python3.10/dist-packages:${PYTHONPATH} /usr/bin/cmake --install /home/jo/clearpath_ws/build/clearpath_msgs
[9.293s] Level 1:colcon.colcon_core.environment:checking '/home/jo/clearpath_ws/install/clearpath_msgs' for CMake config files
[9.293s] Level 1:colcon.colcon_core.shell:create_environment_hook('clearpath_msgs', 'cmake_prefix_path')
[9.293s] INFO:colcon.colcon_core.shell:Creating environment hook '/home/jo/clearpath_ws/install/clearpath_msgs/share/clearpath_msgs/hook/cmake_prefix_path.ps1'
[9.294s] INFO:colcon.colcon_core.shell:Creating environment descriptor '/home/jo/clearpath_ws/install/clearpath_msgs/share/clearpath_msgs/hook/cmake_prefix_path.dsv'
[9.294s] INFO:colcon.colcon_core.shell:Creating environment hook '/home/jo/clearpath_ws/install/clearpath_msgs/share/clearpath_msgs/hook/cmake_prefix_path.sh'
[9.294s] Level 1:colcon.colcon_core.environment:checking '/home/jo/clearpath_ws/install/clearpath_msgs/bin'
[9.294s] Level 1:colcon.colcon_core.environment:checking '/home/jo/clearpath_ws/install/clearpath_msgs/lib/pkgconfig/clearpath_msgs.pc'
[9.294s] Level 1:colcon.colcon_core.environment:checking '/home/jo/clearpath_ws/install/clearpath_msgs/lib/python3.10/site-packages'
[9.295s] Level 1:colcon.colcon_core.environment:checking '/home/jo/clearpath_ws/install/clearpath_msgs/bin'
[9.295s] INFO:colcon.colcon_core.shell:Creating package script '/home/jo/clearpath_ws/install/clearpath_msgs/share/clearpath_msgs/package.ps1'
[9.295s] INFO:colcon.colcon_core.shell:Creating package descriptor '/home/jo/clearpath_ws/install/clearpath_msgs/share/clearpath_msgs/package.dsv'
[9.295s] INFO:colcon.colcon_core.shell:Creating package script '/home/jo/clearpath_ws/install/clearpath_msgs/share/clearpath_msgs/package.sh'
[9.296s] INFO:colcon.colcon_core.shell:Creating package script '/home/jo/clearpath_ws/install/clearpath_msgs/share/clearpath_msgs/package.bash'
[9.296s] INFO:colcon.colcon_core.shell:Creating package script '/home/jo/clearpath_ws/install/clearpath_msgs/share/clearpath_msgs/package.zsh'
[9.296s] Level 1:colcon.colcon_core.environment:create_file_with_runtime_dependencies(/home/jo/clearpath_ws/install/clearpath_msgs/share/colcon-core/packages/clearpath_msgs)
[9.296s] Level 1:colcon.colcon_core.environment:create_environment_scripts_only(clearpath_msgs)
[9.297s] Level 1:colcon.colcon_core.environment:checking '/home/jo/clearpath_ws/install/clearpath_msgs' for CMake module files
[9.297s] Level 1:colcon.colcon_core.environment:checking '/home/jo/clearpath_ws/install/clearpath_msgs' for CMake config files
[9.297s] Level 1:colcon.colcon_core.shell:create_environment_hook('clearpath_msgs', 'cmake_prefix_path')
[9.297s] INFO:colcon.colcon_core.shell:Creating environment hook '/home/jo/clearpath_ws/install/clearpath_msgs/share/clearpath_msgs/hook/cmake_prefix_path.ps1'
[9.297s] INFO:colcon.colcon_core.shell:Creating environment descriptor '/home/jo/clearpath_ws/install/clearpath_msgs/share/clearpath_msgs/hook/cmake_prefix_path.dsv'
[9.298s] INFO:colcon.colcon_core.shell:Creating environment hook '/home/jo/clearpath_ws/install/clearpath_msgs/share/clearpath_msgs/hook/cmake_prefix_path.sh'
[9.298s] Level 1:colcon.colcon_core.environment:checking '/home/jo/clearpath_ws/install/clearpath_msgs/bin'
[9.298s] Level 1:colcon.colcon_core.environment:checking '/home/jo/clearpath_ws/install/clearpath_msgs/lib/pkgconfig/clearpath_msgs.pc'
[9.298s] Level 1:colcon.colcon_core.environment:checking '/home/jo/clearpath_ws/install/clearpath_msgs/lib/python3.10/site-packages'
[9.298s] Level 1:colcon.colcon_core.environment:checking '/home/jo/clearpath_ws/install/clearpath_msgs/bin'
[9.298s] INFO:colcon.colcon_core.shell:Creating package script '/home/jo/clearpath_ws/install/clearpath_msgs/share/clearpath_msgs/package.ps1'
[9.299s] INFO:colcon.colcon_core.shell:Creating package descriptor '/home/jo/clearpath_ws/install/clearpath_msgs/share/clearpath_msgs/package.dsv'
[9.299s] INFO:colcon.colcon_core.shell:Creating package script '/home/jo/clearpath_ws/install/clearpath_msgs/share/clearpath_msgs/package.sh'
[9.299s] INFO:colcon.colcon_core.shell:Creating package script '/home/jo/clearpath_ws/install/clearpath_msgs/share/clearpath_msgs/package.bash'
[9.300s] INFO:colcon.colcon_core.shell:Creating package script '/home/jo/clearpath_ws/install/clearpath_msgs/share/clearpath_msgs/package.zsh'
[9.300s] Level 1:colcon.colcon_core.environment:create_file_with_runtime_dependencies(/home/jo/clearpath_ws/install/clearpath_msgs/share/colcon-core/packages/clearpath_msgs)
[17.927s] DEBUG:colcon.colcon_core.event_handler.log_command:Invoked command in '/home/jo/clearpath_ws/build/clearpath_generator_common' returned '0': AMENT_PREFIX_PATH=/home/jo/clearpath_ws/install/clearpath_manipulators:/home/jo/clearpath_ws/install/clearpath_description:/home/jo/clearpath_ws/install/clearpath_sensors_description:/home/jo/clearpath_ws/install/clearpath_platform_description:/home/jo/clearpath_ws/install/clearpath_mounts_description:/home/jo/clearpath_ws/install/clearpath_manipulators_description:/home/jo/clearpath_ws/install/clearpath_control:/home/jo/clearpath_ws/install/clearpath_config:${AMENT_PREFIX_PATH} CMAKE_PREFIX_PATH=/home/jo/clearpath_ws/install/clearpath_manipulators:/home/jo/clearpath_ws/install/clearpath_description:/home/jo/clearpath_ws/install/clearpath_sensors_description:/home/jo/clearpath_ws/install/clearpath_platform_description:/home/jo/clearpath_ws/install/clearpath_mounts_description:/home/jo/clearpath_ws/install/clearpath_manipulators_description:/home/jo/clearpath_ws/install/clearpath_control:/home/jo/TRG-planner-main/install/trg_planner_ros:/home/jo/myrobot_ws/install/go2_nav_pkg:/home/jo/ugv_husky_ws/install/ugv_nav4d_ros2:/home/jo/ugv_husky_ws/install/lidarslam:/home/jo/ugv_husky_ws/install/scanmatcher:/home/jo/ugv_husky_ws/install/graph_based_slam:/home/jo/ugv_husky_ws/install/ndt_omp_ros2:/home/jo/ugv_husky_ws/install/lidarslam_msgs:/home/jo/ugv_husky_ws/install/husky_ugv_nav4d_pkg:/home/jo/myrobot_ws/install/my_robot_pkg:/home/jo/myrobot_ws/install/go2_description:/home/jo/myrobot_ws/install/go2_config:/home/jo/myrobot_ws/install/champ_teleop:/home/jo/myrobot_ws/install/champ_navigation:/home/jo/myrobot_ws/install/champ_gazebo:/home/jo/myrobot_ws/install/champ_bringup:/home/jo/myrobot_ws/install/champ_base:/home/jo/myrobot_ws/install/champ_msgs:/home/jo/myrobot_ws/install/champ_description:/home/jo/myrobot_ws/install/champ_config:/home/jo/myrobot_ws/install/champ:/home/jo/ros2_ws/install/zed_ros2:/home/jo/ros2_ws/install/zed_robot_integration:/home/jo/ros2_ws/install/zed_ipc:/home/jo/ros2_ws/install/zed_multi_camera:/home/jo/ros2_ws/install/zed_isaac_ros_april_tag:/home/jo/ros2_ws/install/zed_display_rviz2:/home/jo/ros2_ws/install/zed_depth_to_laserscan:/home/jo/ros2_ws/install/zed_wrapper:/home/jo/ros2_ws/install/zed_tutorial_video:/home/jo/ros2_ws/install/zed_tutorial_pos_tracking:/home/jo/ros2_ws/install/zed_tutorial_depth:/home/jo/ros2_ws/install/zed_topic_benchmark:/home/jo/ros2_ws/install/zed_topic_benchmark_component:/home/jo/ros2_ws/install/zed_topic_benchmark_interfaces:/home/jo/ros2_ws/install/zed_rgb_convert:/home/jo/ros2_ws/install/zed_isaac_ros_nitros_sub:/home/jo/ros2_ws/install/zed_aruco_localization:/home/jo/ros2_ws/install/zed_components:/home/jo/ros2_ws/install/rviz_plugin_zed_od:/opt/ros/humble PYTHONPATH=/home/jo/clearpath_ws/install/clearpath_config/lib/python3.10/site-packages:${PYTHONPATH} /usr/bin/cmake --build /home/jo/clearpath_ws/build/clearpath_generator_common -- -j20 -l20
[17.927s] DEBUG:colcon.colcon_core.event_handler.log_command:Invoking command in '/home/jo/clearpath_ws/build/clearpath_generator_common': AMENT_PREFIX_PATH=/home/jo/clearpath_ws/install/clearpath_manipulators:/home/jo/clearpath_ws/install/clearpath_description:/home/jo/clearpath_ws/install/clearpath_sensors_description:/home/jo/clearpath_ws/install/clearpath_platform_description:/home/jo/clearpath_ws/install/clearpath_mounts_description:/home/jo/clearpath_ws/install/clearpath_manipulators_description:/home/jo/clearpath_ws/install/clearpath_control:/home/jo/clearpath_ws/install/clearpath_config:${AMENT_PREFIX_PATH} CMAKE_PREFIX_PATH=/home/jo/clearpath_ws/install/clearpath_manipulators:/home/jo/clearpath_ws/install/clearpath_description:/home/jo/clearpath_ws/install/clearpath_sensors_description:/home/jo/clearpath_ws/install/clearpath_platform_description:/home/jo/clearpath_ws/install/clearpath_mounts_description:/home/jo/clearpath_ws/install/clearpath_manipulators_description:/home/jo/clearpath_ws/install/clearpath_control:/home/jo/TRG-planner-main/install/trg_planner_ros:/home/jo/myrobot_ws/install/go2_nav_pkg:/home/jo/ugv_husky_ws/install/ugv_nav4d_ros2:/home/jo/ugv_husky_ws/install/lidarslam:/home/jo/ugv_husky_ws/install/scanmatcher:/home/jo/ugv_husky_ws/install/graph_based_slam:/home/jo/ugv_husky_ws/install/ndt_omp_ros2:/home/jo/ugv_husky_ws/install/lidarslam_msgs:/home/jo/ugv_husky_ws/install/husky_ugv_nav4d_pkg:/home/jo/myrobot_ws/install/my_robot_pkg:/home/jo/myrobot_ws/install/go2_description:/home/jo/myrobot_ws/install/go2_config:/home/jo/myrobot_ws/install/champ_teleop:/home/jo/myrobot_ws/install/champ_navigation:/home/jo/myrobot_ws/install/champ_gazebo:/home/jo/myrobot_ws/install/champ_bringup:/home/jo/myrobot_ws/install/champ_base:/home/jo/myrobot_ws/install/champ_msgs:/home/jo/myrobot_ws/install/champ_description:/home/jo/myrobot_ws/install/champ_config:/home/jo/myrobot_ws/install/champ:/home/jo/ros2_ws/install/zed_ros2:/home/jo/ros2_ws/install/zed_robot_integration:/home/jo/ros2_ws/install/zed_ipc:/home/jo/ros2_ws/install/zed_multi_camera:/home/jo/ros2_ws/install/zed_isaac_ros_april_tag:/home/jo/ros2_ws/install/zed_display_rviz2:/home/jo/ros2_ws/install/zed_depth_to_laserscan:/home/jo/ros2_ws/install/zed_wrapper:/home/jo/ros2_ws/install/zed_tutorial_video:/home/jo/ros2_ws/install/zed_tutorial_pos_tracking:/home/jo/ros2_ws/install/zed_tutorial_depth:/home/jo/ros2_ws/install/zed_topic_benchmark:/home/jo/ros2_ws/install/zed_topic_benchmark_component:/home/jo/ros2_ws/install/zed_topic_benchmark_interfaces:/home/jo/ros2_ws/install/zed_rgb_convert:/home/jo/ros2_ws/install/zed_isaac_ros_nitros_sub:/home/jo/ros2_ws/install/zed_aruco_localization:/home/jo/ros2_ws/install/zed_components:/home/jo/ros2_ws/install/rviz_plugin_zed_od:/opt/ros/humble PYTHONPATH=/home/jo/clearpath_ws/install/clearpath_config/lib/python3.10/site-packages:${PYTHONPATH} /usr/bin/cmake --install /home/jo/clearpath_ws/build/clearpath_generator_common
[17.980s] Level 1:colcon.colcon_core.environment:create_environment_scripts_only(clearpath_generator_common)
[17.980s] Level 1:colcon.colcon_core.environment:checking '/home/jo/clearpath_ws/install/clearpath_generator_common' for CMake module files
[17.981s] DEBUG:colcon.colcon_core.event_handler.log_command:Invoked command in '/home/jo/clearpath_ws/build/clearpath_generator_common' returned '0': AMENT_PREFIX_PATH=/home/jo/clearpath_ws/install/clearpath_manipulators:/home/jo/clearpath_ws/install/clearpath_description:/home/jo/clearpath_ws/install/clearpath_sensors_description:/home/jo/clearpath_ws/install/clearpath_platform_description:/home/jo/clearpath_ws/install/clearpath_mounts_description:/home/jo/clearpath_ws/install/clearpath_manipulators_description:/home/jo/clearpath_ws/install/clearpath_control:/home/jo/clearpath_ws/install/clearpath_config:${AMENT_PREFIX_PATH} CMAKE_PREFIX_PATH=/home/jo/clearpath_ws/install/clearpath_manipulators:/home/jo/clearpath_ws/install/clearpath_description:/home/jo/clearpath_ws/install/clearpath_sensors_description:/home/jo/clearpath_ws/install/clearpath_platform_description:/home/jo/clearpath_ws/install/clearpath_mounts_description:/home/jo/clearpath_ws/install/clearpath_manipulators_description:/home/jo/clearpath_ws/install/clearpath_control:/home/jo/TRG-planner-main/install/trg_planner_ros:/home/jo/myrobot_ws/install/go2_nav_pkg:/home/jo/ugv_husky_ws/install/ugv_nav4d_ros2:/home/jo/ugv_husky_ws/install/lidarslam:/home/jo/ugv_husky_ws/install/scanmatcher:/home/jo/ugv_husky_ws/install/graph_based_slam:/home/jo/ugv_husky_ws/install/ndt_omp_ros2:/home/jo/ugv_husky_ws/install/lidarslam_msgs:/home/jo/ugv_husky_ws/install/husky_ugv_nav4d_pkg:/home/jo/myrobot_ws/install/my_robot_pkg:/home/jo/myrobot_ws/install/go2_description:/home/jo/myrobot_ws/install/go2_config:/home/jo/myrobot_ws/install/champ_teleop:/home/jo/myrobot_ws/install/champ_navigation:/home/jo/myrobot_ws/install/champ_gazebo:/home/jo/myrobot_ws/install/champ_bringup:/home/jo/myrobot_ws/install/champ_base:/home/jo/myrobot_ws/install/champ_msgs:/home/jo/myrobot_ws/install/champ_description:/home/jo/myrobot_ws/install/champ_config:/home/jo/myrobot_ws/install/champ:/home/jo/ros2_ws/install/zed_ros2:/home/jo/ros2_ws/install/zed_robot_integration:/home/jo/ros2_ws/install/zed_ipc:/home/jo/ros2_ws/install/zed_multi_camera:/home/jo/ros2_ws/install/zed_isaac_ros_april_tag:/home/jo/ros2_ws/install/zed_display_rviz2:/home/jo/ros2_ws/install/zed_depth_to_laserscan:/home/jo/ros2_ws/install/zed_wrapper:/home/jo/ros2_ws/install/zed_tutorial_video:/home/jo/ros2_ws/install/zed_tutorial_pos_tracking:/home/jo/ros2_ws/install/zed_tutorial_depth:/home/jo/ros2_ws/install/zed_topic_benchmark:/home/jo/ros2_ws/install/zed_topic_benchmark_component:/home/jo/ros2_ws/install/zed_topic_benchmark_interfaces:/home/jo/ros2_ws/install/zed_rgb_convert:/home/jo/ros2_ws/install/zed_isaac_ros_nitros_sub:/home/jo/ros2_ws/install/zed_aruco_localization:/home/jo/ros2_ws/install/zed_components:/home/jo/ros2_ws/install/rviz_plugin_zed_od:/opt/ros/humble PYTHONPATH=/home/jo/clearpath_ws/install/clearpath_config/lib/python3.10/site-packages:${PYTHONPATH} /usr/bin/cmake --install /home/jo/clearpath_ws/build/clearpath_generator_common
[17.981s] Level 1:colcon.colcon_core.environment:checking '/home/jo/clearpath_ws/install/clearpath_generator_common' for CMake config files
[17.981s] Level 1:colcon.colcon_core.shell:create_environment_hook('clearpath_generator_common', 'cmake_prefix_path')
[17.981s] INFO:colcon.colcon_core.shell:Creating environment hook '/home/jo/clearpath_ws/install/clearpath_generator_common/share/clearpath_generator_common/hook/cmake_prefix_path.ps1'
[17.982s] INFO:colcon.colcon_core.shell:Creating environment descriptor '/home/jo/clearpath_ws/install/clearpath_generator_common/share/clearpath_generator_common/hook/cmake_prefix_path.dsv'
[17.982s] INFO:colcon.colcon_core.shell:Creating environment hook '/home/jo/clearpath_ws/install/clearpath_generator_common/share/clearpath_generator_common/hook/cmake_prefix_path.sh'
[17.982s] Level 1:colcon.colcon_core.environment:checking '/home/jo/clearpath_ws/install/clearpath_generator_common/lib'
[17.982s] Level 1:colcon.colcon_core.environment:checking '/home/jo/clearpath_ws/install/clearpath_generator_common/bin'
[17.982s] Level 1:colcon.colcon_core.environment:checking '/home/jo/clearpath_ws/install/clearpath_generator_common/lib/pkgconfig/clearpath_generator_common.pc'
[17.983s] Level 1:colcon.colcon_core.environment:checking '/home/jo/clearpath_ws/install/clearpath_generator_common/lib/python3.10/site-packages'
[17.983s] Level 1:colcon.colcon_core.environment:checking '/home/jo/clearpath_ws/install/clearpath_generator_common/bin'
[17.983s] INFO:colcon.colcon_core.shell:Creating package script '/home/jo/clearpath_ws/install/clearpath_generator_common/share/clearpath_generator_common/package.ps1'
[17.983s] INFO:colcon.colcon_core.shell:Creating package descriptor '/home/jo/clearpath_ws/install/clearpath_generator_common/share/clearpath_generator_common/package.dsv'
[17.983s] INFO:colcon.colcon_core.shell:Creating package script '/home/jo/clearpath_ws/install/clearpath_generator_common/share/clearpath_generator_common/package.sh'
[17.984s] INFO:colcon.colcon_core.shell:Creating package script '/home/jo/clearpath_ws/install/clearpath_generator_common/share/clearpath_generator_common/package.bash'
[17.984s] INFO:colcon.colcon_core.shell:Creating package script '/home/jo/clearpath_ws/install/clearpath_generator_common/share/clearpath_generator_common/package.zsh'
[17.984s] Level 1:colcon.colcon_core.environment:create_file_with_runtime_dependencies(/home/jo/clearpath_ws/install/clearpath_generator_common/share/colcon-core/packages/clearpath_generator_common)
[17.984s] Level 1:colcon.colcon_core.environment:create_environment_scripts_only(clearpath_generator_common)
[17.985s] Level 1:colcon.colcon_core.environment:checking '/home/jo/clearpath_ws/install/clearpath_generator_common' for CMake module files
[17.985s] Level 1:colcon.colcon_core.environment:checking '/home/jo/clearpath_ws/install/clearpath_generator_common' for CMake config files
[17.985s] Level 1:colcon.colcon_core.shell:create_environment_hook('clearpath_generator_common', 'cmake_prefix_path')
[17.986s] INFO:colcon.colcon_core.shell:Creating environment hook '/home/jo/clearpath_ws/install/clearpath_generator_common/share/clearpath_generator_common/hook/cmake_prefix_path.ps1'
[17.986s] INFO:colcon.colcon_core.shell:Creating environment descriptor '/home/jo/clearpath_ws/install/clearpath_generator_common/share/clearpath_generator_common/hook/cmake_prefix_path.dsv'
[17.986s] INFO:colcon.colcon_core.shell:Creating environment hook '/home/jo/clearpath_ws/install/clearpath_generator_common/share/clearpath_generator_common/hook/cmake_prefix_path.sh'
[17.986s] Level 1:colcon.colcon_core.environment:checking '/home/jo/clearpath_ws/install/clearpath_generator_common/lib'
[17.986s] Level 1:colcon.colcon_core.environment:checking '/home/jo/clearpath_ws/install/clearpath_generator_common/bin'
[17.986s] Level 1:colcon.colcon_core.environment:checking '/home/jo/clearpath_ws/install/clearpath_generator_common/lib/pkgconfig/clearpath_generator_common.pc'
[17.987s] Level 1:colcon.colcon_core.environment:checking '/home/jo/clearpath_ws/install/clearpath_generator_common/lib/python3.10/site-packages'
[17.987s] Level 1:colcon.colcon_core.environment:checking '/home/jo/clearpath_ws/install/clearpath_generator_common/bin'
[17.987s] INFO:colcon.colcon_core.shell:Creating package script '/home/jo/clearpath_ws/install/clearpath_generator_common/share/clearpath_generator_common/package.ps1'
[17.987s] INFO:colcon.colcon_core.shell:Creating package descriptor '/home/jo/clearpath_ws/install/clearpath_generator_common/share/clearpath_generator_common/package.dsv'
[17.988s] INFO:colcon.colcon_core.shell:Creating package script '/home/jo/clearpath_ws/install/clearpath_generator_common/share/clearpath_generator_common/package.sh'
[17.988s] INFO:colcon.colcon_core.shell:Creating package script '/home/jo/clearpath_ws/install/clearpath_generator_common/share/clearpath_generator_common/package.bash'
[17.988s] INFO:colcon.colcon_core.shell:Creating package script '/home/jo/clearpath_ws/install/clearpath_generator_common/share/clearpath_generator_common/package.zsh'
[17.988s] Level 1:colcon.colcon_core.environment:create_file_with_runtime_dependencies(/home/jo/clearpath_ws/install/clearpath_generator_common/share/colcon-core/packages/clearpath_generator_common)
[17.989s] INFO:colcon.colcon_ros.task.ament_cmake.build:Building ROS package in '/home/jo/clearpath_ws/src/clearpath_common/clearpath_common' with build type 'ament_cmake'
[17.989s] INFO:colcon.colcon_cmake.task.cmake.build:Building CMake package in '/home/jo/clearpath_ws/src/clearpath_common/clearpath_common'
[17.989s] INFO:colcon.colcon_core.shell:Skip shell extension 'powershell' for command environment: Not usable outside of PowerShell
[17.989s] DEBUG:colcon.colcon_core.shell:Skip shell extension 'dsv' for command environment
[18.003s] DEBUG:colcon.colcon_core.event_handler.log_command:Invoking command in '/home/jo/clearpath_ws/build/clearpath_common': AMENT_PREFIX_PATH=/home/jo/clearpath_ws/install/clearpath_generator_common:/home/jo/clearpath_ws/install/clearpath_manipulators:/home/jo/clearpath_ws/install/clearpath_description:/home/jo/clearpath_ws/install/clearpath_sensors_description:/home/jo/clearpath_ws/install/clearpath_platform_description:/home/jo/clearpath_ws/install/clearpath_mounts_description:/home/jo/clearpath_ws/install/clearpath_manipulators_description:/home/jo/clearpath_ws/install/clearpath_control:/home/jo/clearpath_ws/install/clearpath_config:${AMENT_PREFIX_PATH} CMAKE_PREFIX_PATH=/home/jo/clearpath_ws/install/clearpath_generator_common:/home/jo/clearpath_ws/install/clearpath_manipulators:/home/jo/clearpath_ws/install/clearpath_description:/home/jo/clearpath_ws/install/clearpath_sensors_description:/home/jo/clearpath_ws/install/clearpath_platform_description:/home/jo/clearpath_ws/install/clearpath_mounts_description:/home/jo/clearpath_ws/install/clearpath_manipulators_description:/home/jo/clearpath_ws/install/clearpath_control:/home/jo/TRG-planner-main/install/trg_planner_ros:/home/jo/myrobot_ws/install/go2_nav_pkg:/home/jo/ugv_husky_ws/install/ugv_nav4d_ros2:/home/jo/ugv_husky_ws/install/lidarslam:/home/jo/ugv_husky_ws/install/scanmatcher:/home/jo/ugv_husky_ws/install/graph_based_slam:/home/jo/ugv_husky_ws/install/ndt_omp_ros2:/home/jo/ugv_husky_ws/install/lidarslam_msgs:/home/jo/ugv_husky_ws/install/husky_ugv_nav4d_pkg:/home/jo/myrobot_ws/install/my_robot_pkg:/home/jo/myrobot_ws/install/go2_description:/home/jo/myrobot_ws/install/go2_config:/home/jo/myrobot_ws/install/champ_teleop:/home/jo/myrobot_ws/install/champ_navigation:/home/jo/myrobot_ws/install/champ_gazebo:/home/jo/myrobot_ws/install/champ_bringup:/home/jo/myrobot_ws/install/champ_base:/home/jo/myrobot_ws/install/champ_msgs:/home/jo/myrobot_ws/install/champ_description:/home/jo/myrobot_ws/install/champ_config:/home/jo/myrobot_ws/install/champ:/home/jo/ros2_ws/install/zed_ros2:/home/jo/ros2_ws/install/zed_robot_integration:/home/jo/ros2_ws/install/zed_ipc:/home/jo/ros2_ws/install/zed_multi_camera:/home/jo/ros2_ws/install/zed_isaac_ros_april_tag:/home/jo/ros2_ws/install/zed_display_rviz2:/home/jo/ros2_ws/install/zed_depth_to_laserscan:/home/jo/ros2_ws/install/zed_wrapper:/home/jo/ros2_ws/install/zed_tutorial_video:/home/jo/ros2_ws/install/zed_tutorial_pos_tracking:/home/jo/ros2_ws/install/zed_tutorial_depth:/home/jo/ros2_ws/install/zed_topic_benchmark:/home/jo/ros2_ws/install/zed_topic_benchmark_component:/home/jo/ros2_ws/install/zed_topic_benchmark_interfaces:/home/jo/ros2_ws/install/zed_rgb_convert:/home/jo/ros2_ws/install/zed_isaac_ros_nitros_sub:/home/jo/ros2_ws/install/zed_aruco_localization:/home/jo/ros2_ws/install/zed_components:/home/jo/ros2_ws/install/rviz_plugin_zed_od:/opt/ros/humble PYTHONPATH=/home/jo/clearpath_ws/install/clearpath_generator_common/local/lib/python3.10/dist-packages:/home/jo/clearpath_ws/install/clearpath_config/lib/python3.10/site-packages:${PYTHONPATH} /usr/bin/cmake /home/jo/clearpath_ws/src/clearpath_common/clearpath_common -DCMAKE_INSTALL_PREFIX=/home/jo/clearpath_ws/install/clearpath_common
[18.492s] DEBUG:colcon.colcon_core.event_handler.log_command:Invoked command in '/home/jo/clearpath_ws/build/clearpath_common' returned '0': AMENT_PREFIX_PATH=/home/jo/clearpath_ws/install/clearpath_generator_common:/home/jo/clearpath_ws/install/clearpath_manipulators:/home/jo/clearpath_ws/install/clearpath_description:/home/jo/clearpath_ws/install/clearpath_sensors_description:/home/jo/clearpath_ws/install/clearpath_platform_description:/home/jo/clearpath_ws/install/clearpath_mounts_description:/home/jo/clearpath_ws/install/clearpath_manipulators_description:/home/jo/clearpath_ws/install/clearpath_control:/home/jo/clearpath_ws/install/clearpath_config:${AMENT_PREFIX_PATH} CMAKE_PREFIX_PATH=/home/jo/clearpath_ws/install/clearpath_generator_common:/home/jo/clearpath_ws/install/clearpath_manipulators:/home/jo/clearpath_ws/install/clearpath_description:/home/jo/clearpath_ws/install/clearpath_sensors_description:/home/jo/clearpath_ws/install/clearpath_platform_description:/home/jo/clearpath_ws/install/clearpath_mounts_description:/home/jo/clearpath_ws/install/clearpath_manipulators_description:/home/jo/clearpath_ws/install/clearpath_control:/home/jo/TRG-planner-main/install/trg_planner_ros:/home/jo/myrobot_ws/install/go2_nav_pkg:/home/jo/ugv_husky_ws/install/ugv_nav4d_ros2:/home/jo/ugv_husky_ws/install/lidarslam:/home/jo/ugv_husky_ws/install/scanmatcher:/home/jo/ugv_husky_ws/install/graph_based_slam:/home/jo/ugv_husky_ws/install/ndt_omp_ros2:/home/jo/ugv_husky_ws/install/lidarslam_msgs:/home/jo/ugv_husky_ws/install/husky_ugv_nav4d_pkg:/home/jo/myrobot_ws/install/my_robot_pkg:/home/jo/myrobot_ws/install/go2_description:/home/jo/myrobot_ws/install/go2_config:/home/jo/myrobot_ws/install/champ_teleop:/home/jo/myrobot_ws/install/champ_navigation:/home/jo/myrobot_ws/install/champ_gazebo:/home/jo/myrobot_ws/install/champ_bringup:/home/jo/myrobot_ws/install/champ_base:/home/jo/myrobot_ws/install/champ_msgs:/home/jo/myrobot_ws/install/champ_description:/home/jo/myrobot_ws/install/champ_config:/home/jo/myrobot_ws/install/champ:/home/jo/ros2_ws/install/zed_ros2:/home/jo/ros2_ws/install/zed_robot_integration:/home/jo/ros2_ws/install/zed_ipc:/home/jo/ros2_ws/install/zed_multi_camera:/home/jo/ros2_ws/install/zed_isaac_ros_april_tag:/home/jo/ros2_ws/install/zed_display_rviz2:/home/jo/ros2_ws/install/zed_depth_to_laserscan:/home/jo/ros2_ws/install/zed_wrapper:/home/jo/ros2_ws/install/zed_tutorial_video:/home/jo/ros2_ws/install/zed_tutorial_pos_tracking:/home/jo/ros2_ws/install/zed_tutorial_depth:/home/jo/ros2_ws/install/zed_topic_benchmark:/home/jo/ros2_ws/install/zed_topic_benchmark_component:/home/jo/ros2_ws/install/zed_topic_benchmark_interfaces:/home/jo/ros2_ws/install/zed_rgb_convert:/home/jo/ros2_ws/install/zed_isaac_ros_nitros_sub:/home/jo/ros2_ws/install/zed_aruco_localization:/home/jo/ros2_ws/install/zed_components:/home/jo/ros2_ws/install/rviz_plugin_zed_od:/opt/ros/humble PYTHONPATH=/home/jo/clearpath_ws/install/clearpath_generator_common/local/lib/python3.10/dist-packages:/home/jo/clearpath_ws/install/clearpath_config/lib/python3.10/site-packages:${PYTHONPATH} /usr/bin/cmake /home/jo/clearpath_ws/src/clearpath_common/clearpath_common -DCMAKE_INSTALL_PREFIX=/home/jo/clearpath_ws/install/clearpath_common
[18.492s] DEBUG:colcon.colcon_core.event_handler.log_command:Invoking command in '/home/jo/clearpath_ws/build/clearpath_common': AMENT_PREFIX_PATH=/home/jo/clearpath_ws/install/clearpath_generator_common:/home/jo/clearpath_ws/install/clearpath_manipulators:/home/jo/clearpath_ws/install/clearpath_description:/home/jo/clearpath_ws/install/clearpath_sensors_description:/home/jo/clearpath_ws/install/clearpath_platform_description:/home/jo/clearpath_ws/install/clearpath_mounts_description:/home/jo/clearpath_ws/install/clearpath_manipulators_description:/home/jo/clearpath_ws/install/clearpath_control:/home/jo/clearpath_ws/install/clearpath_config:${AMENT_PREFIX_PATH} CMAKE_PREFIX_PATH=/home/jo/clearpath_ws/install/clearpath_generator_common:/home/jo/clearpath_ws/install/clearpath_manipulators:/home/jo/clearpath_ws/install/clearpath_description:/home/jo/clearpath_ws/install/clearpath_sensors_description:/home/jo/clearpath_ws/install/clearpath_platform_description:/home/jo/clearpath_ws/install/clearpath_mounts_description:/home/jo/clearpath_ws/install/clearpath_manipulators_description:/home/jo/clearpath_ws/install/clearpath_control:/home/jo/TRG-planner-main/install/trg_planner_ros:/home/jo/myrobot_ws/install/go2_nav_pkg:/home/jo/ugv_husky_ws/install/ugv_nav4d_ros2:/home/jo/ugv_husky_ws/install/lidarslam:/home/jo/ugv_husky_ws/install/scanmatcher:/home/jo/ugv_husky_ws/install/graph_based_slam:/home/jo/ugv_husky_ws/install/ndt_omp_ros2:/home/jo/ugv_husky_ws/install/lidarslam_msgs:/home/jo/ugv_husky_ws/install/husky_ugv_nav4d_pkg:/home/jo/myrobot_ws/install/my_robot_pkg:/home/jo/myrobot_ws/install/go2_description:/home/jo/myrobot_ws/install/go2_config:/home/jo/myrobot_ws/install/champ_teleop:/home/jo/myrobot_ws/install/champ_navigation:/home/jo/myrobot_ws/install/champ_gazebo:/home/jo/myrobot_ws/install/champ_bringup:/home/jo/myrobot_ws/install/champ_base:/home/jo/myrobot_ws/install/champ_msgs:/home/jo/myrobot_ws/install/champ_description:/home/jo/myrobot_ws/install/champ_config:/home/jo/myrobot_ws/install/champ:/home/jo/ros2_ws/install/zed_ros2:/home/jo/ros2_ws/install/zed_robot_integration:/home/jo/ros2_ws/install/zed_ipc:/home/jo/ros2_ws/install/zed_multi_camera:/home/jo/ros2_ws/install/zed_isaac_ros_april_tag:/home/jo/ros2_ws/install/zed_display_rviz2:/home/jo/ros2_ws/install/zed_depth_to_laserscan:/home/jo/ros2_ws/install/zed_wrapper:/home/jo/ros2_ws/install/zed_tutorial_video:/home/jo/ros2_ws/install/zed_tutorial_pos_tracking:/home/jo/ros2_ws/install/zed_tutorial_depth:/home/jo/ros2_ws/install/zed_topic_benchmark:/home/jo/ros2_ws/install/zed_topic_benchmark_component:/home/jo/ros2_ws/install/zed_topic_benchmark_interfaces:/home/jo/ros2_ws/install/zed_rgb_convert:/home/jo/ros2_ws/install/zed_isaac_ros_nitros_sub:/home/jo/ros2_ws/install/zed_aruco_localization:/home/jo/ros2_ws/install/zed_components:/home/jo/ros2_ws/install/rviz_plugin_zed_od:/opt/ros/humble PYTHONPATH=/home/jo/clearpath_ws/install/clearpath_generator_common/local/lib/python3.10/dist-packages:/home/jo/clearpath_ws/install/clearpath_config/lib/python3.10/site-packages:${PYTHONPATH} /usr/bin/cmake --build /home/jo/clearpath_ws/build/clearpath_common -- -j20 -l20
[18.516s] DEBUG:colcon.colcon_core.event_handler.log_command:Invoked command in '/home/jo/clearpath_ws/build/clearpath_common' returned '0': AMENT_PREFIX_PATH=/home/jo/clearpath_ws/install/clearpath_generator_common:/home/jo/clearpath_ws/install/clearpath_manipulators:/home/jo/clearpath_ws/install/clearpath_description:/home/jo/clearpath_ws/install/clearpath_sensors_description:/home/jo/clearpath_ws/install/clearpath_platform_description:/home/jo/clearpath_ws/install/clearpath_mounts_description:/home/jo/clearpath_ws/install/clearpath_manipulators_description:/home/jo/clearpath_ws/install/clearpath_control:/home/jo/clearpath_ws/install/clearpath_config:${AMENT_PREFIX_PATH} CMAKE_PREFIX_PATH=/home/jo/clearpath_ws/install/clearpath_generator_common:/home/jo/clearpath_ws/install/clearpath_manipulators:/home/jo/clearpath_ws/install/clearpath_description:/home/jo/clearpath_ws/install/clearpath_sensors_description:/home/jo/clearpath_ws/install/clearpath_platform_description:/home/jo/clearpath_ws/install/clearpath_mounts_description:/home/jo/clearpath_ws/install/clearpath_manipulators_description:/home/jo/clearpath_ws/install/clearpath_control:/home/jo/TRG-planner-main/install/trg_planner_ros:/home/jo/myrobot_ws/install/go2_nav_pkg:/home/jo/ugv_husky_ws/install/ugv_nav4d_ros2:/home/jo/ugv_husky_ws/install/lidarslam:/home/jo/ugv_husky_ws/install/scanmatcher:/home/jo/ugv_husky_ws/install/graph_based_slam:/home/jo/ugv_husky_ws/install/ndt_omp_ros2:/home/jo/ugv_husky_ws/install/lidarslam_msgs:/home/jo/ugv_husky_ws/install/husky_ugv_nav4d_pkg:/home/jo/myrobot_ws/install/my_robot_pkg:/home/jo/myrobot_ws/install/go2_description:/home/jo/myrobot_ws/install/go2_config:/home/jo/myrobot_ws/install/champ_teleop:/home/jo/myrobot_ws/install/champ_navigation:/home/jo/myrobot_ws/install/champ_gazebo:/home/jo/myrobot_ws/install/champ_bringup:/home/jo/myrobot_ws/install/champ_base:/home/jo/myrobot_ws/install/champ_msgs:/home/jo/myrobot_ws/install/champ_description:/home/jo/myrobot_ws/install/champ_config:/home/jo/myrobot_ws/install/champ:/home/jo/ros2_ws/install/zed_ros2:/home/jo/ros2_ws/install/zed_robot_integration:/home/jo/ros2_ws/install/zed_ipc:/home/jo/ros2_ws/install/zed_multi_camera:/home/jo/ros2_ws/install/zed_isaac_ros_april_tag:/home/jo/ros2_ws/install/zed_display_rviz2:/home/jo/ros2_ws/install/zed_depth_to_laserscan:/home/jo/ros2_ws/install/zed_wrapper:/home/jo/ros2_ws/install/zed_tutorial_video:/home/jo/ros2_ws/install/zed_tutorial_pos_tracking:/home/jo/ros2_ws/install/zed_tutorial_depth:/home/jo/ros2_ws/install/zed_topic_benchmark:/home/jo/ros2_ws/install/zed_topic_benchmark_component:/home/jo/ros2_ws/install/zed_topic_benchmark_interfaces:/home/jo/ros2_ws/install/zed_rgb_convert:/home/jo/ros2_ws/install/zed_isaac_ros_nitros_sub:/home/jo/ros2_ws/install/zed_aruco_localization:/home/jo/ros2_ws/install/zed_components:/home/jo/ros2_ws/install/rviz_plugin_zed_od:/opt/ros/humble PYTHONPATH=/home/jo/clearpath_ws/install/clearpath_generator_common/local/lib/python3.10/dist-packages:/home/jo/clearpath_ws/install/clearpath_config/lib/python3.10/site-packages:${PYTHONPATH} /usr/bin/cmake --build /home/jo/clearpath_ws/build/clearpath_common -- -j20 -l20
[18.517s] DEBUG:colcon.colcon_core.event_handler.log_command:Invoking command in '/home/jo/clearpath_ws/build/clearpath_common': AMENT_PREFIX_PATH=/home/jo/clearpath_ws/install/clearpath_generator_common:/home/jo/clearpath_ws/install/clearpath_manipulators:/home/jo/clearpath_ws/install/clearpath_description:/home/jo/clearpath_ws/install/clearpath_sensors_description:/home/jo/clearpath_ws/install/clearpath_platform_description:/home/jo/clearpath_ws/install/clearpath_mounts_description:/home/jo/clearpath_ws/install/clearpath_manipulators_description:/home/jo/clearpath_ws/install/clearpath_control:/home/jo/clearpath_ws/install/clearpath_config:${AMENT_PREFIX_PATH} CMAKE_PREFIX_PATH=/home/jo/clearpath_ws/install/clearpath_generator_common:/home/jo/clearpath_ws/install/clearpath_manipulators:/home/jo/clearpath_ws/install/clearpath_description:/home/jo/clearpath_ws/install/clearpath_sensors_description:/home/jo/clearpath_ws/install/clearpath_platform_description:/home/jo/clearpath_ws/install/clearpath_mounts_description:/home/jo/clearpath_ws/install/clearpath_manipulators_description:/home/jo/clearpath_ws/install/clearpath_control:/home/jo/TRG-planner-main/install/trg_planner_ros:/home/jo/myrobot_ws/install/go2_nav_pkg:/home/jo/ugv_husky_ws/install/ugv_nav4d_ros2:/home/jo/ugv_husky_ws/install/lidarslam:/home/jo/ugv_husky_ws/install/scanmatcher:/home/jo/ugv_husky_ws/install/graph_based_slam:/home/jo/ugv_husky_ws/install/ndt_omp_ros2:/home/jo/ugv_husky_ws/install/lidarslam_msgs:/home/jo/ugv_husky_ws/install/husky_ugv_nav4d_pkg:/home/jo/myrobot_ws/install/my_robot_pkg:/home/jo/myrobot_ws/install/go2_description:/home/jo/myrobot_ws/install/go2_config:/home/jo/myrobot_ws/install/champ_teleop:/home/jo/myrobot_ws/install/champ_navigation:/home/jo/myrobot_ws/install/champ_gazebo:/home/jo/myrobot_ws/install/champ_bringup:/home/jo/myrobot_ws/install/champ_base:/home/jo/myrobot_ws/install/champ_msgs:/home/jo/myrobot_ws/install/champ_description:/home/jo/myrobot_ws/install/champ_config:/home/jo/myrobot_ws/install/champ:/home/jo/ros2_ws/install/zed_ros2:/home/jo/ros2_ws/install/zed_robot_integration:/home/jo/ros2_ws/install/zed_ipc:/home/jo/ros2_ws/install/zed_multi_camera:/home/jo/ros2_ws/install/zed_isaac_ros_april_tag:/home/jo/ros2_ws/install/zed_display_rviz2:/home/jo/ros2_ws/install/zed_depth_to_laserscan:/home/jo/ros2_ws/install/zed_wrapper:/home/jo/ros2_ws/install/zed_tutorial_video:/home/jo/ros2_ws/install/zed_tutorial_pos_tracking:/home/jo/ros2_ws/install/zed_tutorial_depth:/home/jo/ros2_ws/install/zed_topic_benchmark:/home/jo/ros2_ws/install/zed_topic_benchmark_component:/home/jo/ros2_ws/install/zed_topic_benchmark_interfaces:/home/jo/ros2_ws/install/zed_rgb_convert:/home/jo/ros2_ws/install/zed_isaac_ros_nitros_sub:/home/jo/ros2_ws/install/zed_aruco_localization:/home/jo/ros2_ws/install/zed_components:/home/jo/ros2_ws/install/rviz_plugin_zed_od:/opt/ros/humble PYTHONPATH=/home/jo/clearpath_ws/install/clearpath_generator_common/local/lib/python3.10/dist-packages:/home/jo/clearpath_ws/install/clearpath_config/lib/python3.10/site-packages:${PYTHONPATH} /usr/bin/cmake --install /home/jo/clearpath_ws/build/clearpath_common
[18.523s] Level 1:colcon.colcon_core.environment:create_environment_scripts_only(clearpath_common)
[18.523s] Level 1:colcon.colcon_core.environment:checking '/home/jo/clearpath_ws/install/clearpath_common' for CMake module files
[18.523s] DEBUG:colcon.colcon_core.event_handler.log_command:Invoked command in '/home/jo/clearpath_ws/build/clearpath_common' returned '0': AMENT_PREFIX_PATH=/home/jo/clearpath_ws/install/clearpath_generator_common:/home/jo/clearpath_ws/install/clearpath_manipulators:/home/jo/clearpath_ws/install/clearpath_description:/home/jo/clearpath_ws/install/clearpath_sensors_description:/home/jo/clearpath_ws/install/clearpath_platform_description:/home/jo/clearpath_ws/install/clearpath_mounts_description:/home/jo/clearpath_ws/install/clearpath_manipulators_description:/home/jo/clearpath_ws/install/clearpath_control:/home/jo/clearpath_ws/install/clearpath_config:${AMENT_PREFIX_PATH} CMAKE_PREFIX_PATH=/home/jo/clearpath_ws/install/clearpath_generator_common:/home/jo/clearpath_ws/install/clearpath_manipulators:/home/jo/clearpath_ws/install/clearpath_description:/home/jo/clearpath_ws/install/clearpath_sensors_description:/home/jo/clearpath_ws/install/clearpath_platform_description:/home/jo/clearpath_ws/install/clearpath_mounts_description:/home/jo/clearpath_ws/install/clearpath_manipulators_description:/home/jo/clearpath_ws/install/clearpath_control:/home/jo/TRG-planner-main/install/trg_planner_ros:/home/jo/myrobot_ws/install/go2_nav_pkg:/home/jo/ugv_husky_ws/install/ugv_nav4d_ros2:/home/jo/ugv_husky_ws/install/lidarslam:/home/jo/ugv_husky_ws/install/scanmatcher:/home/jo/ugv_husky_ws/install/graph_based_slam:/home/jo/ugv_husky_ws/install/ndt_omp_ros2:/home/jo/ugv_husky_ws/install/lidarslam_msgs:/home/jo/ugv_husky_ws/install/husky_ugv_nav4d_pkg:/home/jo/myrobot_ws/install/my_robot_pkg:/home/jo/myrobot_ws/install/go2_description:/home/jo/myrobot_ws/install/go2_config:/home/jo/myrobot_ws/install/champ_teleop:/home/jo/myrobot_ws/install/champ_navigation:/home/jo/myrobot_ws/install/champ_gazebo:/home/jo/myrobot_ws/install/champ_bringup:/home/jo/myrobot_ws/install/champ_base:/home/jo/myrobot_ws/install/champ_msgs:/home/jo/myrobot_ws/install/champ_description:/home/jo/myrobot_ws/install/champ_config:/home/jo/myrobot_ws/install/champ:/home/jo/ros2_ws/install/zed_ros2:/home/jo/ros2_ws/install/zed_robot_integration:/home/jo/ros2_ws/install/zed_ipc:/home/jo/ros2_ws/install/zed_multi_camera:/home/jo/ros2_ws/install/zed_isaac_ros_april_tag:/home/jo/ros2_ws/install/zed_display_rviz2:/home/jo/ros2_ws/install/zed_depth_to_laserscan:/home/jo/ros2_ws/install/zed_wrapper:/home/jo/ros2_ws/install/zed_tutorial_video:/home/jo/ros2_ws/install/zed_tutorial_pos_tracking:/home/jo/ros2_ws/install/zed_tutorial_depth:/home/jo/ros2_ws/install/zed_topic_benchmark:/home/jo/ros2_ws/install/zed_topic_benchmark_component:/home/jo/ros2_ws/install/zed_topic_benchmark_interfaces:/home/jo/ros2_ws/install/zed_rgb_convert:/home/jo/ros2_ws/install/zed_isaac_ros_nitros_sub:/home/jo/ros2_ws/install/zed_aruco_localization:/home/jo/ros2_ws/install/zed_components:/home/jo/ros2_ws/install/rviz_plugin_zed_od:/opt/ros/humble PYTHONPATH=/home/jo/clearpath_ws/install/clearpath_generator_common/local/lib/python3.10/dist-packages:/home/jo/clearpath_ws/install/clearpath_config/lib/python3.10/site-packages:${PYTHONPATH} /usr/bin/cmake --install /home/jo/clearpath_ws/build/clearpath_common
[18.523s] Level 1:colcon.colcon_core.environment:checking '/home/jo/clearpath_ws/install/clearpath_common' for CMake config files
[18.523s] Level 1:colcon.colcon_core.shell:create_environment_hook('clearpath_common', 'cmake_prefix_path')
[18.523s] INFO:colcon.colcon_core.shell:Creating environment hook '/home/jo/clearpath_ws/install/clearpath_common/share/clearpath_common/hook/cmake_prefix_path.ps1'
[18.524s] INFO:colcon.colcon_core.shell:Creating environment descriptor '/home/jo/clearpath_ws/install/clearpath_common/share/clearpath_common/hook/cmake_prefix_path.dsv'
[18.524s] INFO:colcon.colcon_core.shell:Creating environment hook '/home/jo/clearpath_ws/install/clearpath_common/share/clearpath_common/hook/cmake_prefix_path.sh'
[18.524s] Level 1:colcon.colcon_core.environment:checking '/home/jo/clearpath_ws/install/clearpath_common/bin'
[18.524s] Level 1:colcon.colcon_core.environment:checking '/home/jo/clearpath_ws/install/clearpath_common/lib/pkgconfig/clearpath_common.pc'
[18.524s] Level 1:colcon.colcon_core.environment:checking '/home/jo/clearpath_ws/install/clearpath_common/lib/python3.10/site-packages'
[18.525s] Level 1:colcon.colcon_core.environment:checking '/home/jo/clearpath_ws/install/clearpath_common/bin'
[18.525s] INFO:colcon.colcon_core.shell:Creating package script '/home/jo/clearpath_ws/install/clearpath_common/share/clearpath_common/package.ps1'
[18.525s] INFO:colcon.colcon_core.shell:Creating package descriptor '/home/jo/clearpath_ws/install/clearpath_common/share/clearpath_common/package.dsv'
[18.526s] INFO:colcon.colcon_core.shell:Creating package script '/home/jo/clearpath_ws/install/clearpath_common/share/clearpath_common/package.sh'
[18.526s] INFO:colcon.colcon_core.shell:Creating package script '/home/jo/clearpath_ws/install/clearpath_common/share/clearpath_common/package.bash'
[18.526s] INFO:colcon.colcon_core.shell:Creating package script '/home/jo/clearpath_ws/install/clearpath_common/share/clearpath_common/package.zsh'
[18.526s] Level 1:colcon.colcon_core.environment:create_file_with_runtime_dependencies(/home/jo/clearpath_ws/install/clearpath_common/share/colcon-core/packages/clearpath_common)
[18.527s] Level 1:colcon.colcon_core.environment:create_environment_scripts_only(clearpath_common)
[18.527s] Level 1:colcon.colcon_core.environment:checking '/home/jo/clearpath_ws/install/clearpath_common' for CMake module files
[18.527s] Level 1:colcon.colcon_core.environment:checking '/home/jo/clearpath_ws/install/clearpath_common' for CMake config files
[18.527s] Level 1:colcon.colcon_core.shell:create_environment_hook('clearpath_common', 'cmake_prefix_path')
[18.527s] INFO:colcon.colcon_core.shell:Creating environment hook '/home/jo/clearpath_ws/install/clearpath_common/share/clearpath_common/hook/cmake_prefix_path.ps1'
[18.527s] INFO:colcon.colcon_core.shell:Creating environment descriptor '/home/jo/clearpath_ws/install/clearpath_common/share/clearpath_common/hook/cmake_prefix_path.dsv'
[18.528s] INFO:colcon.colcon_core.shell:Creating environment hook '/home/jo/clearpath_ws/install/clearpath_common/share/clearpath_common/hook/cmake_prefix_path.sh'
[18.528s] Level 1:colcon.colcon_core.environment:checking '/home/jo/clearpath_ws/install/clearpath_common/bin'
[18.528s] Level 1:colcon.colcon_core.environment:checking '/home/jo/clearpath_ws/install/clearpath_common/lib/pkgconfig/clearpath_common.pc'
[18.528s] Level 1:colcon.colcon_core.environment:checking '/home/jo/clearpath_ws/install/clearpath_common/lib/python3.10/site-packages'
[18.528s] Level 1:colcon.colcon_core.environment:checking '/home/jo/clearpath_ws/install/clearpath_common/bin'
[18.528s] INFO:colcon.colcon_core.shell:Creating package script '/home/jo/clearpath_ws/install/clearpath_common/share/clearpath_common/package.ps1'
[18.529s] INFO:colcon.colcon_core.shell:Creating package descriptor '/home/jo/clearpath_ws/install/clearpath_common/share/clearpath_common/package.dsv'
[18.529s] INFO:colcon.colcon_core.shell:Creating package script '/home/jo/clearpath_ws/install/clearpath_common/share/clearpath_common/package.sh'
[18.529s] INFO:colcon.colcon_core.shell:Creating package script '/home/jo/clearpath_ws/install/clearpath_common/share/clearpath_common/package.bash'
[18.530s] INFO:colcon.colcon_core.shell:Creating package script '/home/jo/clearpath_ws/install/clearpath_common/share/clearpath_common/package.zsh'
[18.530s] Level 1:colcon.colcon_core.environment:create_file_with_runtime_dependencies(/home/jo/clearpath_ws/install/clearpath_common/share/colcon-core/packages/clearpath_common)
[18.530s] DEBUG:colcon.colcon_parallel_executor.executor.parallel:closing loop
[18.530s] DEBUG:colcon.colcon_parallel_executor.executor.parallel:loop closed
[18.531s] DEBUG:colcon.colcon_parallel_executor.executor.parallel:run_until_complete finished with '0'
[18.531s] DEBUG:colcon.colcon_core.event_reactor:joining thread
[18.535s] INFO:colcon.colcon_core.plugin_system:Skipping extension 'colcon_notification.desktop_notification.notify_send': Could not find 'notify-send'
[18.535s] INFO:colcon.colcon_core.plugin_system:Skipping extension 'colcon_notification.desktop_notification.terminal_notifier': Not used on non-Darwin systems
[18.535s] INFO:colcon.colcon_core.plugin_system:Skipping extension 'colcon_notification.desktop_notification.win32': Not used on non-Windows systems
[18.535s] INFO:colcon.colcon_notification.desktop_notification:Sending desktop notification using 'notify2'
[18.537s] DEBUG:colcon.colcon_notification.desktop_notification.notify2:Failed to initialize notify2: org.freedesktop.DBus.Error.Spawn.ExecFailed: /usr/bin/dbus-launch terminated abnormally without any error message
[18.537s] DEBUG:colcon.colcon_core.event_reactor:joined thread
[18.537s] INFO:colcon.colcon_core.shell:Creating prefix script '/home/jo/clearpath_ws/install/local_setup.ps1'
[18.538s] INFO:colcon.colcon_core.shell:Creating prefix util module '/home/jo/clearpath_ws/install/_local_setup_util_ps1.py'
[18.539s] INFO:colcon.colcon_core.shell:Creating prefix chain script '/home/jo/clearpath_ws/install/setup.ps1'
[18.541s] INFO:colcon.colcon_core.shell:Creating prefix script '/home/jo/clearpath_ws/install/local_setup.sh'
[18.541s] INFO:colcon.colcon_core.shell:Creating prefix util module '/home/jo/clearpath_ws/install/_local_setup_util_sh.py'
[18.541s] INFO:colcon.colcon_core.shell:Creating prefix chain script '/home/jo/clearpath_ws/install/setup.sh'
[18.543s] INFO:colcon.colcon_core.shell:Creating prefix script '/home/jo/clearpath_ws/install/local_setup.bash'
[18.543s] INFO:colcon.colcon_core.shell:Creating prefix chain script '/home/jo/clearpath_ws/install/setup.bash'
[18.545s] INFO:colcon.colcon_core.shell:Creating prefix script '/home/jo/clearpath_ws/install/local_setup.zsh'
[18.545s] INFO:colcon.colcon_core.shell:Creating prefix chain script '/home/jo/clearpath_ws/install/setup.zsh'
